create table CITIES
(
    ID       int auto_increment
        primary key,
    NAME     varchar(200) not null,
    ID_STATE int          null,
    CODE     varchar(120) null
);

create index ID_STATE
    on CITIES (ID_STATE);

create table COUNTRIES
(
    ID              int auto_increment
        primary key,
    NAME            varchar(200) not null,
    ISO_NAME        varchar(200) not null,
    ENGLISH_NAME    varchar(200) null,
    CODE_1          varchar(8)   null,
    CODE_2          varchar(8)   null,
    CODE            int          null,
    INDICATIVE      varchar(20)  null,
    CONTINENT       varchar(2)   not null,
    ID_CAPITAL_CITY int          null,
    constraint COUNTRIES_ibfk_1
        foreign key (ID_CAPITAL_CITY) references CITIES (ID)
);

create index ID_CAPITAL_CITY
    on COUNTRIES (ID_CAPITAL_CITY);

create table DOCUMENT_TYPES
(
    ID      int auto_increment
        primary key,
    NAME    varchar(30) null,
    ACRONYM varchar(30) null
);

create table GENDERS
(
    ID   int auto_increment
        primary key,
    NAME varchar(30) null
);

create table MINISTRY_TYPE
(
    ID   int auto_increment
        primary key,
    NAME varchar(100) not null
);

create table ROL
(
    ID          int auto_increment
        primary key,
    NAME        varchar(30)  not null,
    DESCRIPTION varchar(255) null
);

create table STATES
(
    ID              int auto_increment
        primary key,
    NAME            varchar(200) not null,
    INDICATIVE      varchar(20)  null,
    ZIP_CODE        varchar(30)  null,
    ID_COUNTRY      int          null,
    ID_CAPITAL_CITY int          null,
    CODE            varchar(120) null,
    constraint STATES_ibfk_1
        foreign key (ID_COUNTRY) references COUNTRIES (ID),
    constraint STATES_ibfk_2
        foreign key (ID_CAPITAL_CITY) references CITIES (ID)
);

alter table CITIES
    add constraint CITIES_ibfk_1
        foreign key (ID_STATE) references STATES (ID);

create index ID_CAPITAL_CITY
    on STATES (ID_CAPITAL_CITY);

create index ID_COUNTRY
    on STATES (ID_COUNTRY);

create table USER
(
    ID       int auto_increment
        primary key,
    USERNAME varchar(50)  not null,
    PASSWORD varchar(255) null,
    constraint USERNAME
        unique (USERNAME)
);

create table MINISTRIES
(
    ID                 int auto_increment
        primary key,
    ID_FIRST_LEADER    int not null,
    ID_SECOND_LEADER   int null,
    ID_HIGHER_MINISTRY int null,
    ID_USER            int null,
    ID_MINISTRY_TYPE   int null,
    LEVEL              int null,
    constraint MINISTRIES_ibfk_3
        foreign key (ID_HIGHER_MINISTRY) references MINISTRIES (ID)
            on update set null on delete set null,
    constraint MINISTRIES_ibfk_4
        foreign key (ID_MINISTRY_TYPE) references MINISTRY_TYPE (ID),
    constraint MINISTRIES_ibfk_5
        foreign key (ID_USER) references USER (ID)
);

create index ID_FIRST_LEADER
    on MINISTRIES (ID_FIRST_LEADER);

create index ID_HIGHER_MINISTRY
    on MINISTRIES (ID_HIGHER_MINISTRY);

create index ID_MINISTRY_TYPE
    on MINISTRIES (ID_MINISTRY_TYPE);

create index ID_SECOND_LEADER
    on MINISTRIES (ID_SECOND_LEADER);

create index ID_USER
    on MINISTRIES (ID_USER);

create table PERSONS
(
    ID               int auto_increment
        primary key,
    FIRST_NAME       varchar(150) not null,
    LAST_NAME        varchar(150) not null,
    DOCUMENT_NUMBER  varchar(20)  null,
    ADDRESS          varchar(250) null,
    NEIGHBORHOOD     varchar(200) null,
    PHONE_NUMBER     varchar(20)  null,
    EMAIL            varchar(100) null,
    BIRTHDATE        date         null,
    ID_DOCUMENT_TYPE int          null,
    ID_MINISTRY      int          null,
    ID_CITY          int          null,
    HAS_ENCOUNTER    tinyint(1)   null,
    IS_LEADER        tinyint(1)   null,
    WAS_BAPTIZED     tinyint(1)   null,
    ID_GENDER        int          null,
    USER_ID          int          null,
    constraint PERSONS_ibfk_1
        foreign key (ID_DOCUMENT_TYPE) references DOCUMENT_TYPES (ID),
    constraint PERSONS_ibfk_2
        foreign key (ID_CITY) references CITIES (ID),
    constraint PERSONS_ibfk_3
        foreign key (ID_MINISTRY) references MINISTRIES (ID)
            on update set null on delete set null,
    constraint PERSONS_ibfk_4
        foreign key (ID_GENDER) references GENDERS (ID)
            on update set null on delete set null,
    constraint PERSONS_ibfk_5
        foreign key (USER_ID) references USER (ID)
);

create table MINISTER
(
    ID        int auto_increment
        primary key,
    ID_PERSON int not null,
    constraint MINISTER_ibfk_1
        foreign key (ID_PERSON) references PERSONS (ID)
);

create index ID_PERSON
    on MINISTER (ID_PERSON);

alter table MINISTRIES
    add constraint MINISTRIES_ibfk_1
        foreign key (ID_SECOND_LEADER) references PERSONS (ID);

alter table MINISTRIES
    add constraint MINISTRIES_ibfk_2
        foreign key (ID_FIRST_LEADER) references PERSONS (ID);

create index ID_CITY
    on PERSONS (ID_CITY);

create index ID_DOCUMENT_TYPE
    on PERSONS (ID_DOCUMENT_TYPE);

create index ID_GENDER
    on PERSONS (ID_GENDER);

create index ID_MINISTRY
    on PERSONS (ID_MINISTRY);

create index USER_ID
    on PERSONS (USER_ID);

create table USER_ROL
(
    ID      int auto_increment
        primary key,
    ID_ROL  int not null,
    ID_USER int not null,
    constraint USER_ROL_ibfk_1
        foreign key (ID_ROL) references ROL (ID),
    constraint USER_ROL_ibfk_2
        foreign key (ID_USER) references USER (ID)
);

create index ID_ROL
    on USER_ROL (ID_ROL);

create index ID_USER
    on USER_ROL (ID_USER);

create table prueba
(
    ID         int auto_increment
        primary key,
    FIRST_NAME varchar(40) not null,
    LAST_NAME  varchar(40) not null
);

-- INSERTS ----------------------------------------------------------------------------------------

insert into MAV_DATABASE.COUNTRIES (ID, NAME, ISO_NAME, ENGLISH_NAME, CODE_1, CODE_2, CODE, INDICATIVE, CONTINENT, ID_CAPITAL_CITY)
values  (1, 'AFGANISTÁN', 'AFGANISTÁN', 'AFGHANISTAN, ISLAMIC REPUBLIC OF', 'AF', 'AFG', 4, '93', 'AS', null),
        (2, 'ANGOLA', 'ANGOLA', 'ANGOLA, REPUBLIC OF', 'AO', 'AGO', 24, '244', 'AF', null),
        (3, 'ANGUILA', 'ANGUILA', 'ANGUILLA', 'AI', 'AIA', 660, '+1 264', 'NA', null),
        (4, 'ALAND', 'ÅLAND, ISLAS', 'ÅLAND ISLANDS', 'AX', 'ALA', 248, '+358 18', 'EU', null),
        (5, 'ALBANIA', 'ALBANIA', 'ALBANIA, REPUBLIC OF', 'AL', 'ALB', 8, '355', 'EU', null),
        (6, 'ANDORRA', 'ANDORRA', 'ANDORRA, PRINCIPALITY OF', 'AD', 'AND', 20, '376', 'EU', null),
        (7, 'EMIRATOS ÁRABES UNIDOS', 'EMIRATOS ÁRABES UNIDOS (LOS)', 'UNITED ARAB EMIRATES', 'AE', 'ARE', 784, '971', 'AS', null),
        (8, 'ARGENTINA', 'ARGENTINA', 'ARGENTINA, ARGENTINE REPUBLIC', 'AR', 'ARG', 32, '54', 'SA', null),
        (9, 'ARMENIA', 'ARMENIA', 'ARMENIA, REPUBLIC OF', 'AM', 'ARM', 51, '374', 'EU', null),
        (10, 'SAMOA AMERICANA', 'SAMOA AMERICANA', 'AMERICAN SAMOA', 'AS', 'ASM', 16, null, 'OC', null),
        (11, 'ANTÁRTIDA', 'ANTÁRTIDA', 'ANTARCTICA (THE TERRITORY SOUTH OF 60 DEG S)', 'AQ', 'ATA', 10, null, 'AN', null),
        (12, 'TIERRAS AUSTRALES Y ANTÁRTICAS FRANCESAS', 'TIERRAS AUSTRALES FRANCESAS (LAS)', 'FRENCH SOUTHERN TERRITORIES', 'TF', 'ATF', 260, null, 'AN', null),
        (13, 'ANTIGUA Y BARBUDA', 'ANTIGUA Y BARBUDA', 'ANTIGUA AND BARBUDA', 'AG', 'ATG', 28, '+1 268', 'NA', null),
        (14, 'AUSTRALIA', 'AUSTRALIA', 'AUSTRALIA, COMMONWEALTH OF', 'AU', 'AUS', 36, '61', 'OC', null),
        (15, 'AUSTRIA', 'AUSTRIA', 'AUSTRIA, REPUBLIC OF', 'AT', 'AUT', 40, '43', 'EU', null),
        (16, 'AZERBAIYÁN', 'AZERBAIYÁN', 'AZERBAIJAN, REPUBLIC OF', 'AZ', 'AZE', 31, '994', 'EU', null),
        (17, 'BURUNDI', 'BURUNDI', 'BURUNDI, REPUBLIC OF', 'BI', 'BDI', 108, '257', 'AF', null),
        (18, 'BÉLGICA', 'BÉLGICA', 'BELGIUM, KINGDOM OF', 'BE', 'BEL', 56, '32', 'EU', null),
        (19, 'BENÍN', 'BENIN', 'BENIN, REPUBLIC OF', 'BJ', 'BEN', 204, '229', 'AF', null),
        (20, 'BONAIRE, SAN EUSTAQUIO Y SABA', 'BONAIRE, SAN EUSTAQUIO Y SABA', 'BONAIRE, SINT EUSTATIUS AND SABA', 'BQ', 'BES', 535, '+599 7', 'NA', null),
        (21, 'BURKINA FASO', 'BURKINA FASO', 'BURKINA FASO', 'BF', 'BFA', 854, '226', 'AF', null),
        (22, 'BANGLADÉS', 'BANGLADESH', 'BANGLADESH, PEOPLE''S REPUBLIC OF', 'BD', 'BGD', 50, '880', 'AS', null),
        (23, 'BULGARIA', 'BULGARIA', 'BULGARIA, REPUBLIC OF', 'BG', 'BGR', 100, '359', 'EU', null),
        (24, 'BARÉIN', 'BAHREIN', 'BAHRAIN, KINGDOM OF', 'BH', 'BHR', 48, '973', 'AS', null),
        (25, 'BAHAMAS', 'BAHAMAS (LAS)', 'BAHAMAS, COMMONWEALTH OF THE', 'BS', 'BHS', 44, '+1 242', 'NA', null),
        (26, 'BOSNIA Y HERZEGOVINA', 'BOSNIA Y HERZEGOVINA', 'BOSNIA AND HERZEGOVINA', 'BA', 'BIH', 70, '387', 'EU', null),
        (27, 'SAN BARTOLOMÉ', 'SAINT BARTHÉLEMY', 'SAINT BARTHELEMY', 'BL', 'BLM', 652, '590', 'NA', null),
        (28, 'BIELORRUSIA', 'BELARÚS', 'BELARUS, REPUBLIC OF', 'BY', 'BLR', 112, '375', 'EU', null),
        (29, 'BELICE', 'BELICE', 'BELIZE', 'BZ', 'BLZ', 84, '501', 'NA', null),
        (30, 'BERMUDAS', 'BERMUDAS', 'BERMUDA', 'BM', 'BMU', 60, '+1 441', 'NA', null),
        (31, 'BOLIVIA', 'BOLIVIA (ESTADO PLURINACIONAL DE)', 'BOLIVIA, REPUBLIC OF', 'BO', 'BOL', 68, '591', 'SA', null),
        (32, 'BRASIL', 'BRASIL', 'BRAZIL, FEDERATIVE REPUBLIC OF', 'BR', 'BRA', 76, '55', 'SA', null),
        (33, 'BARBADOS', 'BARBADOS', 'BARBADOS', 'BB', 'BRB', 52, '+1 246', 'NA', null),
        (34, 'BRUNÉI', 'BRUNEI DARUSSALAM', 'BRUNEI DARUSSALAM', 'BN', 'BRN', 96, '673', 'AS', null),
        (35, 'BUTÁN', 'BHUTÁN', 'BHUTAN, KINGDOM OF', 'BT', 'BTN', 64, '975', 'AS', null),
        (36, 'ISLA BOUVET', 'BOUVET, ISLA', 'BOUVET ISLAND (BOUVETOYA)', 'BV', 'BVT', 74, null, 'AN', null),
        (37, 'BOTSUANA', 'BOTSWANA', 'BOTSWANA, REPUBLIC OF', 'BW', 'BWA', 72, '267', 'AF', null),
        (38, 'REPÚBLICA CENTROAFRICANA', 'REPÚBLICA CENTROAFRICANA (LA)', 'CENTRAL AFRICAN REPUBLIC', 'CF', 'CAF', 140, '236', 'AF', null),
        (39, 'CANADÁ', 'CANADÁ', 'CANADA', 'CA', 'CAN', 124, '1', 'NA', null),
        (40, 'ISLAS COCOS', 'COCOS / KEELING, (LAS) ISLAS', 'COCOS (KEELING) ISLANDS', 'CC', 'CCK', 166, '+61 89162', 'AS', null),
        (41, 'SUIZA', 'SUIZA', 'SWITZERLAND, SWISS CONFEDERATION', 'CH', 'CHE', 756, '41', 'EU', null),
        (42, 'CHILE', 'CHILE', 'CHILE, REPUBLIC OF', 'CL', 'CHL', 152, '56', 'SA', null),
        (43, 'CHINA', 'CHINA', 'CHINA, PEOPLE''S REPUBLIC OF', 'CN', 'CHN', 156, '86', 'AS', null),
        (44, 'COSTA DE MARFIL', 'CÔTE D''IVOIRE', 'COTE D''IVOIRE, REPUBLIC OF', 'CI', 'CIV', 384, '225', 'AF', null),
        (45, 'CAMERÚN', 'CAMERÚN', 'CAMEROON, REPUBLIC OF', 'CM', 'CMR', 120, '237', 'AF', null),
        (46, 'REPÚBLICA DEMOCRÁTICA DEL CONGO', 'CONGO (LA REPÚBLICA DEMOCRÁTICA DEL)', 'CONGO, DEMOCRATIC REPUBLIC OF THE', 'CD', 'COD', 180, '243', 'AF', null),
        (47, 'REPÚBLICA DEL CONGO', 'CONGO (EL)', 'CONGO, REPUBLIC OF THE', 'CG', 'COG', 178, '242', 'AF', null),
        (48, 'ISLAS COOK', 'COOK, (LAS) ISLAS', 'COOK ISLANDS', 'CK', 'COK', 184, '682', 'OC', null),
        (49, 'COLOMBIA', 'COLOMBIA', 'COLOMBIA, REPUBLIC OF', 'CO', 'COL', 170, '57', 'SA', null),
        (50, 'COMORAS', 'COMORAS (LAS)', 'COMOROS, UNION OF THE', 'KM', 'COM', 174, '269', 'AF', null),
        (51, 'CABO VERDE', 'CABO VERDE', 'CAPE VERDE, REPUBLIC OF', 'CV', 'CPV', 132, '238', 'AF', null),
        (52, 'COSTA RICA', 'COSTA RICA', 'COSTA RICA, REPUBLIC OF', 'CR', 'CRI', 188, '506', 'NA', null),
        (53, 'CUBA', 'CUBA', 'CUBA, REPUBLIC OF', 'CU', 'CUB', 192, '53', 'NA', null),
        (54, 'CURAZAO', 'CURAÇAO', 'CURAÇAO', 'CW', 'CUW', 531, '+599 9', 'NA', null),
        (55, 'ISLA DE NAVIDAD', 'NAVIDAD, ISLA DE', 'CHRISTMAS ISLAND', 'CX', 'CXR', 162, '+61 89164', 'AS', null),
        (56, 'ISLAS CAIMÁN', 'CAIMÁN, (LAS) ISLAS', 'CAYMAN ISLANDS', 'KY', 'CYM', 136, '+1 345', 'NA', null),
        (57, 'CHIPRE', 'CHIPRE', 'CYPRUS, REPUBLIC OF', 'CY', 'CYP', 196, '357', 'EU', null),
        (58, 'REPÚBLICA CHECA', 'CHEQUIA', 'CZECH REPUBLIC', 'CZ', 'CZE', 203, '420', 'EU', null),
        (59, 'ALEMANIA', 'ALEMANIA', 'GERMANY, FEDERAL REPUBLIC OF', 'DE', 'DEU', 276, '49', 'EU', null),
        (60, 'YIBUTI', 'DJIBOUTI', 'DJIBOUTI, REPUBLIC OF', 'DJ', 'DJI', 262, '253', 'AF', null),
        (61, 'DOMINICA', 'DOMINICA', 'DOMINICA, COMMONWEALTH OF', 'DM', 'DMA', 212, '+1 767', 'NA', null),
        (62, 'DINAMARCA', 'DINAMARCA', 'DENMARK, KINGDOM OF', 'DK', 'DNK', 208, '45', 'EU', null),
        (63, 'REPÚBLICA DOMINICANA', 'DOMINICANA, (LA) REPÚBLICA', 'DOMINICAN REPUBLIC', 'DO', 'DOM', 214, '+1 809, +1 829,', 'NA', null),
        (64, 'ARGELIA', 'ARGELIA', 'ALGERIA, PEOPLE''S DEMOCRATIC REPUBLIC OF', 'DZ', 'DZA', 12, null, 'AF', null),
        (65, 'ECUADOR', 'ECUADOR', 'ECUADOR, REPUBLIC OF', 'EC', 'ECU', 218, '593', 'SA', null),
        (66, 'EGIPTO', 'EGIPTO', 'EGYPT, ARAB REPUBLIC OF', 'EG', 'EGY', 818, '20', 'AF', null),
        (67, 'ERITREA', 'ERITREA', 'ERITREA, STATE OF', 'ER', 'ERI', 232, '291', 'AF', null),
        (68, 'REPÚBLICA ÁRABE SAHARAUI DEMOCRÁTICA', 'SAHARA OCCIDENTAL', 'WESTERN SAHARA', 'EH', 'ESH', 732, null, 'AF', null),
        (69, 'ESPAÑA', 'ESPAÑA', 'SPAIN, KINGDOM OF', 'ES', 'ESP', 724, '34', 'EU', null),
        (70, 'ESTONIA', 'ESTONIA', 'ESTONIA, REPUBLIC OF', 'EE', 'EST', 233, '372', 'EU', null),
        (71, 'ETIOPÍA', 'ETIOPÍA', 'ETHIOPIA, FEDERAL DEMOCRATIC REPUBLIC OF', 'ET', 'ETH', 231, '251', 'AF', null),
        (72, 'FINLANDIA', 'FINLANDIA', 'FINLAND, REPUBLIC OF', 'FI', 'FIN', 246, '358', 'EU', null),
        (73, 'FIYI', 'FIJI', 'FIJI, REPUBLIC OF THE FIJI ISLANDS', 'FJ', 'FJI', 242, '679', 'OC', null),
        (74, 'ISLAS MALVINAS', 'MALVINAS [FALKLAND], (LAS) ISLAS', 'FALKLAND ISLANDS (MALVINAS)', 'FK', 'FLK', 238, '500', 'SA', null),
        (75, 'FRANCIA', 'FRANCIA', 'FRANCE, FRENCH REPUBLIC', 'FR', 'FRA', 250, '33', 'EU', null),
        (76, 'ISLAS FEROE', 'FEROE, (LAS) ISLAS', 'FAROE ISLANDS', 'FO', 'FRO', 234, '298', 'EU', null),
        (77, 'MICRONESIA', 'MICRONESIA (ESTADOS FEDERADOS DE)', 'MICRONESIA, FEDERATED STATES OF', 'FM', 'FSM', 583, '691', 'OC', null),
        (78, 'GABÓN', 'GABÓN', 'GABON, GABONESE REPUBLIC', 'GA', 'GAB', 266, '241', 'AF', null),
        (79, 'REINO UNIDO', 'REINO UNIDO DE GRAN BRETAÑA E IRLANDA DEL NORTE (EL)', 'UNITED KINGDOM OF GREAT BRITAIN & NORTHERN IRELAND', 'GB', 'GBR', 826, '44', 'EU', null),
        (80, 'GEORGIA', 'GEORGIA', 'GEORGIA', 'GE', 'GEO', 268, '995', 'EU', null),
        (81, 'GUERNSEY', 'GUERNSEY', 'GUERNSEY, BAILIWICK OF', 'GG', 'GGY', 831, '+44 1481, +44 7781,', 'EU', null),
        (82, 'GHANA', 'GHANA', 'GHANA, REPUBLIC OF', 'GH', 'GHA', 288, '233', 'AF', null),
        (83, 'GIBRALTAR', 'GIBRALTAR', 'GIBRALTAR', 'GI', 'GIB', 292, '350', 'EU', null),
        (84, 'GUINEA', 'GUINEA', 'GUINEA, REPUBLIC OF', 'GN', 'GIN', 324, '224', 'AF', null),
        (85, 'GUADALUPE', 'GUADELOUPE', 'GUADELOUPE', 'GP', 'GLP', 312, '590', 'NA', null),
        (86, 'GAMBIA', 'GAMBIA (LA)', 'GAMBIA, REPUBLIC OF THE', 'GM', 'GMB', 270, '220', 'AF', null),
        (87, 'GUINEA-BISÁU', 'GUINEA BISSAU', 'GUINEA-BISSAU, REPUBLIC OF', 'GW', 'GNB', 624, '245', 'AF', null),
        (88, 'GUINEA ECUATORIAL', 'GUINEA ECUATORIAL', 'EQUATORIAL GUINEA, REPUBLIC OF', 'GQ', 'GNQ', 226, '240', 'AF', null),
        (89, 'GRECIA', 'GRECIA', 'GREECE, HELLENIC REPUBLIC', 'GR', 'GRC', 300, '30', 'EU', null),
        (90, 'GRANADA', 'GRANADA', 'GRENADA', 'GD', 'GRD', 308, '+1 473', 'NA', null),
        (91, 'GROENLANDIA', 'GROENLANDIA', 'GREENLAND', 'GL', 'GRL', 304, '299', 'NA', null),
        (92, 'GUATEMALA', 'GUATEMALA', 'GUATEMALA, REPUBLIC OF', 'GT', 'GTM', 320, '502', 'NA', null),
        (93, 'GUAYANA FRANCESA', 'GUAYANA FRANCESA', 'FRENCH GUIANA', 'GF', 'GUF', 254, '594', 'SA', null),
        (94, 'GUAM', 'GUAM', 'GUAM', 'GU', 'GUM', 316, '+1 671', 'OC', null),
        (95, 'GUYANA', 'GUYANA', 'GUYANA, CO-OPERATIVE REPUBLIC OF', 'GY', 'GUY', 328, '592', 'SA', null),
        (96, 'HONG KONG', 'HONG KONG', 'HONG KONG, SPECIAL ADMINISTRATIVE REGION OF CHINA', 'HK', 'HKG', 344, '852', 'AS', null),
        (97, 'ISLAS HEARD Y MCDONALD', 'HEARD (ISLA) E ISLAS MCDONALD', 'HEARD ISLAND AND MCDONALD ISLANDS', 'HM', 'HMD', 334, null, 'AN', null),
        (98, 'HONDURAS', 'HONDURAS', 'HONDURAS, REPUBLIC OF', 'HN', 'HND', 340, '504', 'NA', null),
        (99, 'CROACIA', 'CROACIA', 'CROATIA, REPUBLIC OF', 'HR', 'HRV', 191, '385', 'EU', null),
        (100, 'HAITÍ', 'HAITÍ', 'HAITI, REPUBLIC OF', 'HT', 'HTI', 332, '509', 'NA', null),
        (101, 'HUNGRÍA', 'HUNGRÍA', 'HUNGARY, REPUBLIC OF', 'HU', 'HUN', 348, '36', 'EU', null),
        (102, 'INDONESIA', 'INDONESIA', 'INDONESIA, REPUBLIC OF', 'ID', 'IDN', 360, '62', 'AS', null),
        (103, 'ISLA DE MAN', 'ISLA DE MAN', 'ISLE OF MAN', 'IM', 'IMN', 833, '+44 1624, +44 7524,', 'EU', null),
        (104, 'INDIA', 'INDIA', 'INDIA, REPUBLIC OF', 'IN', 'IND', 356, '91', 'AS', null),
        (105, 'TERRITORIO BRITÁNICO DEL OCÉANO ÍNDICO', 'TERRITORIO BRITÁNICO DEL OCÉANO ÍNDICO (EL)', 'BRITISH INDIAN OCEAN TERRITORY (CHAGOS ARCHIPELAGO)', 'IO', 'IOT', 86, '246', 'AS', null),
        (106, 'IRLANDA', 'IRLANDA', 'IRELAND', 'IE', 'IRL', 372, '353', 'EU', null),
        (107, 'IRÁN', 'IRÁN (REPÚBLICA ISLÁMICA DE)', 'IRAN, ISLAMIC REPUBLIC OF', 'IR', 'IRN', 364, '98', 'AS', null),
        (108, 'IRAK', 'IRAQ', 'IRAQ, REPUBLIC OF', 'IQ', 'IRQ', 368, '964', 'AS', null),
        (109, 'ISLANDIA', 'ISLANDIA', 'ICELAND, REPUBLIC OF', 'IS', 'ISL', 352, '354', 'EU', null),
        (110, 'ISRAEL', 'ISRAEL', 'ISRAEL, STATE OF', 'IL', 'ISR', 376, '972', 'AS', null),
        (111, 'ITALIA', 'ITALIA', 'ITALY, ITALIAN REPUBLIC', 'IT', 'ITA', 380, '39', 'EU', null),
        (112, 'JAMAICA', 'JAMAICA', 'JAMAICA', 'JM', 'JAM', 388, '+1 876', 'NA', null),
        (113, 'JERSEY', 'JERSEY', 'JERSEY, BAILIWICK OF', 'JE', 'JEY', 832, '+44 1534', 'EU', null),
        (114, 'JORDANIA', 'JORDANIA', 'JORDAN, HASHEMITE KINGDOM OF', 'JO', 'JOR', 400, '962', 'AS', null),
        (115, 'JAPÓN', 'JAPÓN', 'JAPAN', 'JP', 'JPN', 392, '81', 'AS', null),
        (116, 'KAZAJISTÁN', 'KAZAJSTÁN', 'KAZAKHSTAN, REPUBLIC OF', 'KZ', 'KAZ', 398, '+7 6, +7 7', 'EU', null),
        (117, 'KENIA', 'KENYA', 'KENYA, REPUBLIC OF', 'KE', 'KEN', 404, '254', 'AF', null),
        (118, 'KIRGUISTÁN', 'KIRGUISTÁN', 'KYRGYZ REPUBLIC', 'KG', 'KGZ', 417, '996', 'AS', null),
        (119, 'CAMBOYA', 'CAMBOYA', 'CAMBODIA, KINGDOM OF', 'KH', 'KHM', 116, '855', 'AS', null),
        (120, 'KIRIBATI', 'KIRIBATI', 'KIRIBATI, REPUBLIC OF', 'KI', 'KIR', 296, '686', 'OC', null),
        (121, 'SAN CRISTÓBAL Y NIEVES', 'SAINT KITTS Y NEVIS', 'SAINT KITTS AND NEVIS, FEDERATION OF', 'KN', 'KNA', 659, '+1 869', 'NA', null),
        (122, 'COREA DEL SUR', 'COREA (LA REPÚBLICA DE)', 'KOREA, REPUBLIC OF', 'KR', 'KOR', 410, '82', 'AS', null),
        (123, 'KUWAIT', 'KUWAIT', 'KUWAIT, STATE OF', 'KW', 'KWT', 414, '965', 'AS', null),
        (124, 'LAOS', 'LAO, (LA) REPÚBLICA DEMOCRÁTICA POPULAR', 'LAO PEOPLE''S DEMOCRATIC REPUBLIC', 'LA', 'LAO', 418, '856', 'AS', null),
        (125, 'LÍBANO', 'LÍBANO', 'LEBANON, LEBANESE REPUBLIC', 'LB', 'LBN', 422, '961', 'AS', null),
        (126, 'LIBERIA', 'LIBERIA', 'LIBERIA, REPUBLIC OF', 'LR', 'LBR', 430, '231', 'AF', null),
        (127, 'LIBIA', 'LIBIA', 'LIBYAN ARAB JAMAHIRIYA', 'LY', 'LBY', 434, '218', 'AF', null),
        (128, 'SANTA LUCÍA', 'SANTA LUCÍA', 'SAINT LUCIA', 'LC', 'LCA', 662, '+1 758', 'NA', null),
        (129, 'LIECHTENSTEIN', 'LIECHTENSTEIN', 'LIECHTENSTEIN, PRINCIPALITY OF', 'LI', 'LIE', 438, '423', 'EU', null),
        (130, 'SRI LANKA', 'SRI LANKA', 'SRI LANKA, DEMOCRATIC SOCIALIST REPUBLIC OF', 'LK', 'LKA', 144, '94', 'AS', null),
        (131, 'LESOTO', 'LESOTHO', 'LESOTHO, KINGDOM OF', 'LS', 'LSO', 426, '266', 'AF', null),
        (132, 'LITUANIA', 'LITUANIA', 'LITHUANIA, REPUBLIC OF', 'LT', 'LTU', 440, '370', 'EU', null),
        (133, 'LUXEMBURGO', 'LUXEMBURGO', 'LUXEMBOURG, GRAND DUCHY OF', 'LU', 'LUX', 442, '352', 'EU', null),
        (134, 'LETONIA', 'LETONIA', 'LATVIA, REPUBLIC OF', 'LV', 'LVA', 428, '371', 'EU', null),
        (135, 'MACAO', 'MACAO', 'MACAO, SPECIAL ADMINISTRATIVE REGION OF CHINA', 'MO', 'MAC', 446, '853', 'AS', null),
        (136, 'SAN MARTÍN', 'SAINT MARTIN (PARTE FRANCESA)', 'SAINT MARTIN', 'MF', 'MAF', 663, '590', 'NA', null),
        (137, 'MARRUECOS', 'MARRUECOS', 'MOROCCO, KINGDOM OF', 'MA', 'MAR', 504, '212', 'AF', null),
        (138, 'MÓNACO', 'MÓNACO', 'MONACO, PRINCIPALITY OF', 'MC', 'MCO', 492, '377', 'EU', null),
        (139, 'MOLDAVIA', 'MOLDOVA (LA REPÚBLICA DE)', 'MOLDOVA, REPUBLIC OF', 'MD', 'MDA', 498, '373', 'EU', null),
        (140, 'MADAGASCAR', 'MADAGASCAR', 'MADAGASCAR, REPUBLIC OF', 'MG', 'MDG', 450, '261', 'AF', null),
        (141, 'MALDIVAS', 'MALDIVAS', 'MALDIVES, REPUBLIC OF', 'MV', 'MDV', 462, '960', 'AS', null),
        (142, 'MÉXICO', 'MÉXICO', 'MEXICO, UNITED MEXICAN STATES', 'MX', 'MEX', 484, '52', 'NA', null),
        (143, 'ISLAS MARSHALL', 'MARSHALL, (LAS) ISLAS', 'MARSHALL ISLANDS, REPUBLIC OF THE', 'MH', 'MHL', 584, '692', 'OC', null),
        (144, 'MACEDONIA DEL NORTE', 'MACEDONIA DEL NORTE', 'MACEDONIA, THE FORMER YUGOSLAV REPUBLIC OF', 'MK', 'MKD', 807, null, 'EU', null),
        (145, 'MALÍ', 'MALÍ', 'MALI, REPUBLIC OF', 'ML', 'MLI', 466, '223', 'AF', null),
        (146, 'MALTA', 'MALTA', 'MALTA, REPUBLIC OF', 'MT', 'MLT', 470, '356', 'EU', null),
        (147, 'BIRMANIA', 'MYANMAR', 'MYANMAR, UNION OF', 'MM', 'MMR', 104, '95', 'AS', null),
        (148, 'MONTENEGRO', 'MONTENEGRO', 'MONTENEGRO, REPUBLIC OF', 'ME', 'MNE', 499, '382', 'EU', null),
        (149, 'MONGOLIA', 'MONGOLIA', 'MONGOLIA', 'MN', 'MNG', 496, '976', 'AS', null),
        (150, 'ISLAS MARIANAS DEL NORTE', 'MARIANAS DEL NORTE, (LAS) ISLAS', 'NORTHERN MARIANA ISLANDS, COMMONWEALTH OF THE', 'MP', 'MNP', 580, '+1 670', 'OC', null),
        (151, 'MOZAMBIQUE', 'MOZAMBIQUE', 'MOZAMBIQUE, REPUBLIC OF', 'MZ', 'MOZ', 508, '258', 'AF', null),
        (152, 'MAURITANIA', 'MAURITANIA', 'MAURITANIA, ISLAMIC REPUBLIC OF', 'MR', 'MRT', 478, '222', 'AF', null),
        (153, 'MONTSERRAT', 'MONTSERRAT', 'MONTSERRAT', 'MS', 'MSR', 500, '+1 664', 'NA', null),
        (154, 'MARTINICA', 'MARTINIQUE', 'MARTINIQUE', 'MQ', 'MTQ', 474, '596', 'NA', null),
        (155, 'MAURICIO', 'MAURICIO', 'MAURITIUS, REPUBLIC OF', 'MU', 'MUS', 480, '230', 'AF', null),
        (156, 'MALAUI', 'MALAWI', 'MALAWI, REPUBLIC OF', 'MW', 'MWI', 454, '265', 'AF', null),
        (157, 'MALASIA', 'MALASIA', 'MALAYSIA', 'MY', 'MYS', 458, '60', 'AS', null),
        (158, 'MAYOTTE', 'MAYOTTE', 'MAYOTTE', 'YT', 'MYT', 175, '+262 269, +262 639', 'AF', null),
        (159, 'NAMIBIA', 'NAMIBIA', 'NAMIBIA, REPUBLIC OF', 'NA', 'NAM', 516, '264', 'AF', null),
        (160, 'NUEVA CALEDONIA', 'NUEVA CALEDONIA', 'NEW CALEDONIA', 'NC', 'NCL', 540, '687', 'OC', null),
        (161, 'NÍGER', 'NÍGER (EL)', 'NIGER, REPUBLIC OF', 'NE', 'NER', 562, '227', 'AF', null),
        (162, 'NORFOLK', 'NORFOLK, ISLA', 'NORFOLK ISLAND', 'NF', 'NFK', 574, null, 'OC', null),
        (163, 'NIGERIA', 'NIGERIA', 'NIGERIA, FEDERAL REPUBLIC OF', 'NG', 'NGA', 566, '234', 'AF', null),
        (164, 'NICARAGUA', 'NICARAGUA', 'NICARAGUA, REPUBLIC OF', 'NI', 'NIC', 558, '505', 'NA', null),
        (165, 'NIUE', 'NIUE', 'NIUE', 'NU', 'NIU', 570, '683', 'OC', null),
        (166, 'PAÍSES BAJOS', 'PAÍSES BAJOS (LOS)', 'NETHERLANDS, KINGDOM OF THE', 'NL', 'NLD', 528, '31', 'EU', null),
        (167, 'NORUEGA', 'NORUEGA', 'NORWAY, KINGDOM OF', 'NO', 'NOR', 578, '47', 'EU', null),
        (168, 'NEPAL', 'NEPAL', 'NEPAL, STATE OF', 'NP', 'NPL', 524, '977', 'AS', null),
        (169, 'NAURU', 'NAURU', 'NAURU, REPUBLIC OF', 'NR', 'NRU', 520, '674', 'OC', null),
        (170, 'NUEVA ZELANDA', 'NUEVA ZELANDIA', 'NEW ZEALAND', 'NZ', 'NZL', 554, '64', 'OC', null),
        (171, 'OMÁN', 'OMÁN', 'OMAN, SULTANATE OF', 'OM', 'OMN', 512, '968', 'AS', null),
        (172, 'PAKISTÁN', 'PAKISTÁN', 'PAKISTAN, ISLAMIC REPUBLIC OF', 'PK', 'PAK', 586, '92', 'AS', null),
        (173, 'PANAMÁ', 'PANAMÁ', 'PANAMA, REPUBLIC OF', 'PA', 'PAN', 591, '507', 'NA', null),
        (174, 'ISLAS PITCAIRN', 'PITCAIRN', 'PITCAIRN ISLANDS', 'PN', 'PCN', 612, null, 'OC', null),
        (175, 'PERÚ', 'PERÚ', 'PERU, REPUBLIC OF', 'PE', 'PER', 604, '51', 'SA', null),
        (176, 'FILIPINAS', 'FILIPINAS (LAS)', 'PHILIPPINES, REPUBLIC OF THE', 'PH', 'PHL', 608, '63', 'AS', null),
        (177, 'PALAOS', 'PALAU', 'PALAU, REPUBLIC OF', 'PW', 'PLW', 585, '680', 'OC', null),
        (178, 'PAPÚA NUEVA GUINEA', 'PAPUA NUEVA GUINEA', 'PAPUA NEW GUINEA, INDEPENDENT STATE OF', 'PG', 'PNG', 598, '675', 'OC', null),
        (179, 'POLONIA', 'POLONIA', 'POLAND, REPUBLIC OF', 'PL', 'POL', 616, '48', 'EU', null),
        (180, 'PUERTO RICO', 'PUERTO RICO', 'PUERTO RICO, COMMONWEALTH OF', 'PR', 'PRI', 630, '+1 787, +1 939', 'NA', null),
        (181, 'COREA DEL NORTE', 'COREA (LA REPÚBLICA POPULAR DEMOCRÁTICA DE)', 'KOREA, DEMOCRATIC PEOPLE''S REPUBLIC OF', 'KP', 'PRK', 408, '850', 'AS', null),
        (182, 'PORTUGAL', 'PORTUGAL', 'PORTUGAL, PORTUGUESE REPUBLIC', 'PT', 'PRT', 620, '351', 'EU', null),
        (183, 'PARAGUAY', 'PARAGUAY', 'PARAGUAY, REPUBLIC OF', 'PY', 'PRY', 600, '595', 'SA', null),
        (184, 'PALESTINA', 'PALESTINA, ESTADO DE', 'PALESTINIAN TERRITORY, OCCUPIED', 'PS', 'PSE', 275, '970', 'AS', null),
        (185, 'POLINESIA FRANCESA', 'POLINESIA FRANCESA', 'FRENCH POLYNESIA', 'PF', 'PYF', 258, '689', 'OC', null),
        (186, 'CATAR', 'QATAR', 'QATAR, STATE OF', 'QA', 'QAT', 634, '974', 'AS', null),
        (187, 'REUNIÓN', 'REUNIÓN', 'REUNION', 'RE', 'REU', 638, null, 'AF', null),
        (188, 'RUMANIA', 'RUMANIA', 'ROMANIA', 'RO', 'ROU', 642, '40', 'EU', null),
        (189, 'RUSIA', 'RUSIA, (LA) FEDERACIÓN DE', 'RUSSIAN FEDERATION', 'RU', 'RUS', 643, '+7', 'EU', null),
        (190, 'RUANDA', 'RWANDA', 'RWANDA, REPUBLIC OF', 'RW', 'RWA', 646, '250', 'AF', null),
        (191, 'ARABIA SAUDITA', 'ARABIA SAUDITA', 'SAUDI ARABIA, KINGDOM OF', 'SA', 'SAU', 682, '966', 'AS', null),
        (192, 'SUDÁN', 'SUDÁN (EL)', 'SUDAN, REPUBLIC OF', 'SD', 'SDN', 729, '249', 'AF', null),
        (193, 'SENEGAL', 'SENEGAL', 'SENEGAL, REPUBLIC OF', 'SN', 'SEN', 686, '221', 'AF', null),
        (194, 'TAIWÁN (REPÚBLICA DE CHINA)', 'TAIWÁN (PROVINCIA DE CHINA)', 'TAIWAN', 'TW', 'TWN', 158, '886', 'AS', null),
        (195, 'TANZANIA', 'TANZANIA, REPÚBLICA UNIDA DE', 'TANZANIA, UNITED REPUBLIC OF', 'TZ', 'TZA', 834, '255', 'AF', null),
        (196, 'UGANDA', 'UGANDA', 'UGANDA, REPUBLIC OF', 'UG', 'UGA', 800, '256', 'AF', null),
        (197, 'UCRANIA', 'UCRANIA', 'UKRAINE', 'UA', 'UKR', 804, '380', 'EU', null),
        (198, 'ISLAS ULTRAMARINAS DE ESTADOS UNIDOS', 'ISLAS ULTRAMARINAS MENORES DE LOS ESTADOS UNIDOS (LAS)', 'UNITED STATES MINOR OUTLYING ISLANDS', 'UM', 'UMI', 581, null, 'OC', null),
        (199, 'URUGUAY', 'URUGUAY', 'URUGUAY, EASTERN REPUBLIC OF', 'UY', 'URY', 858, '598', 'SA', null),
        (200, 'ESTADOS UNIDOS', 'ESTADOS UNIDOS DE AMÉRICA (LOS)', 'UNITED STATES OF AMERICA', 'US', 'USA', 840, '1', 'NA', null),
        (201, 'UZBEKISTÁN', 'UZBEKISTÁN', 'UZBEKISTAN, REPUBLIC OF', 'UZ', 'UZB', 860, '998', 'AS', null),
        (202, 'VATICANO, CIUDAD DEL', 'SANTA SEDE (LA)', 'HOLY SEE (VATICAN CITY STATE)', 'VA', 'VAT', 336, '+39 06 698,', 'EU', null),
        (203, 'SAN VICENTE Y LAS GRANADINAS', 'SAN VICENTE Y LAS GRANADINAS', 'SAINT VINCENT AND THE GRENADINES', 'VC', 'VCT', 670, '+1 784', 'NA', null),
        (204, 'VENEZUELA', 'VENEZUELA (REPÚBLICA BOLIVARIANA DE)', 'VENEZUELA, BOLIVARIAN REPUBLIC OF', 'VE', 'VEN', 862, '58', 'SA', null),
        (205, 'ISLAS VÍRGENES BRITÁNICAS', 'VÍRGENES BRITÁNICAS, ISLAS', 'BRITISH VIRGIN ISLANDS', 'VG', 'VGB', 92, '+1 284', 'NA', null),
        (206, 'ISLAS VÍRGENES DE LOS ESTADOS UNIDOS', 'VÍRGENES DE LOS ESTADOS UNIDOS, ISLAS', 'UNITED STATES VIRGIN ISLANDS', 'VI', 'VIR', 850, '+1 340', 'NA', null),
        (207, 'VIETNAM', 'VIET NAM', 'VIETNAM, SOCIALIST REPUBLIC OF', 'VN', 'VNM', 704, '84', 'AS', null),
        (208, 'VANUATU', 'VANUATU', 'VANUATU, REPUBLIC OF', 'VU', 'VUT', 548, '678', 'OC', null),
        (209, 'WALLIS Y FUTUNA', 'WALLIS Y FUTUNA', 'WALLIS AND FUTUNA', 'WF', 'WLF', 876, '681', 'OC', null),
        (210, 'SAMOA', 'SAMOA', 'SAMOA, INDEPENDENT STATE OF', 'WS', 'WSM', 882, '685', 'OC', null),
        (211, 'YEMEN', 'YEMEN', 'YEMEN', 'YE', 'YEM', 887, '967', 'AS', null),
        (212, 'SUDÁFRICA', 'SUDÁFRICA', 'SOUTH AFRICA, REPUBLIC OF', 'ZA', 'ZAF', 710, '27', 'AF', null),
        (213, 'ZAMBIA', 'ZAMBIA', 'ZAMBIA, REPUBLIC OF', 'ZM', 'ZMB', 894, '260', 'AF', null),
        (214, 'ZIMBABUE', 'ZIMBABWE', 'ZIMBABWE, REPUBLIC OF', 'ZW', 'ZWE', 716, '263', 'AF', null),
        (215, 'ARUBA', 'ARUBA', 'ARUBA', 'AW', 'ABW', 533, '297', 'NA', null),
        (216, 'SINGAPUR', 'SINGAPUR', 'SINGAPORE, REPUBLIC OF', 'SG', 'SGP', 702, '65', 'AS', null),
        (217, 'ISLAS GEORGIAS DEL SUR Y SANDWICH DEL SUR', 'GEORGIA DEL SUR (LA) Y LAS ISLAS SANDWICH DEL SUR', 'SOUTH GEORGIA AND THE SOUTH SANDWICH ISLANDS', 'GS', 'SGS', 239, '500', 'AN', null),
        (218, 'SANTA ELENA, ASCENSIÓN Y TRISTÁN DE ACUÑA', 'SANTA HELENA, ASCENSIÓN Y TRISTÁN DE ACUÑA', 'SAINT HELENA', 'SH', 'SHN', 654, '290', 'AF', null),
        (219, 'SVALBARD Y JAN MAYEN', 'SVALBARD Y JAN MAYEN', 'SVALBARD & JAN MAYEN ISLANDS', 'SJ', 'SJM', 744, '+47 79', 'EU', null),
        (220, 'ISLAS SALOMÓN', 'SALOMÓN, ISLAS', 'SOLOMON ISLANDS', 'SB', 'SLB', 90, '677', 'OC', null),
        (221, 'SIERRA LEONA', 'SIERRA LEONA', 'SIERRA LEONE, REPUBLIC OF', 'SL', 'SLE', 694, '232', 'AF', null),
        (222, 'EL SALVADOR', 'EL SALVADOR', 'EL SALVADOR, REPUBLIC OF', 'SV', 'SLV', 222, '503', 'NA', null),
        (223, 'SAN MARINO', 'SAN MARINO', 'SAN MARINO, REPUBLIC OF', 'SM', 'SMR', 674, '378', 'EU', null),
        (224, 'SOMALIA', 'SOMALIA', 'SOMALIA, SOMALI REPUBLIC', 'SO', 'SOM', 706, '252', 'AF', null),
        (225, 'SAN PEDRO Y MIQUELÓN', 'SAN PEDRO Y MIQUELÓN', 'SAINT PIERRE AND MIQUELON', 'PM', 'SPM', 666, '508', 'NA', null),
        (226, 'SERBIA', 'SERBIA', 'SERBIA, REPUBLIC OF', 'RS', 'SRB', 688, '381', 'EU', null),
        (227, 'SUDÁN DEL SUR', 'SUDÁN DEL SUR', 'SOUTH SUDAN', 'SS', 'SSD', 728, '211', 'AF', null),
        (228, 'SANTO TOMÉ Y PRÍNCIPE', 'SANTO TOMÉ Y PRÍNCIPE', 'SAO TOME AND PRINCIPE, DEMOCRATIC REPUBLIC OF', 'ST', 'STP', 678, '239', 'AF', null),
        (229, 'SURINAM', 'SURINAME', 'SURINAME, REPUBLIC OF', 'SR', 'SUR', 740, '597', 'SA', null),
        (230, 'ESLOVAQUIA', 'ESLOVAQUIA', 'SLOVAKIA (SLOVAK REPUBLIC)', 'SK', 'SVK', 703, '421', 'EU', null),
        (231, 'ESLOVENIA', 'ESLOVENIA', 'SLOVENIA, REPUBLIC OF', 'SI', 'SVN', 705, '386', 'EU', null),
        (232, 'SUECIA', 'SUECIA', 'SWEDEN, KINGDOM OF', 'SE', 'SWE', 752, '46', 'EU', null),
        (233, 'SUAZILANDIA', 'SWAZILANDIA', 'SWAZILAND, KINGDOM OF', 'SZ', 'SWZ', 748, null, 'AF', null),
        (234, 'SINT MAARTEN', 'SINT MAARTEN (PARTE NEERLANDESA)', 'SINT MAARTEN (NETHERLANDS)', 'SX', 'SXM', 534, '+1 721', 'NA', null),
        (235, 'SEYCHELLES', 'SEYCHELLES', 'SEYCHELLES, REPUBLIC OF', 'SC', 'SYC', 690, '248', 'AF', null),
        (236, 'SIRIA', 'REPÚBLICA ÁRABE SIRIA', 'SYRIAN ARAB REPUBLIC', 'SY', 'SYR', 760, '963', 'AS', null),
        (237, 'ISLAS TURCAS Y CAICOS', 'TURCAS Y CAICOS, (LAS) ISLAS', 'TURKS AND CAICOS ISLANDS', 'TC', 'TCA', 796, '+1 649', 'NA', null),
        (238, 'CHAD', 'CHAD', 'CHAD, REPUBLIC OF', 'TD', 'TCD', 148, '235', 'AF', null),
        (239, 'TOGO', 'TOGO', 'TOGO, TOGOLESE REPUBLIC', 'TG', 'TGO', 768, '228', 'AF', null),
        (240, 'TAILANDIA', 'TAILANDIA', 'THAILAND, KINGDOM OF', 'TH', 'THA', 764, '66', 'AS', null),
        (241, 'TAYIKISTÁN', 'TAYIKISTÁN', 'TAJIKISTAN, REPUBLIC OF', 'TJ', 'TJK', 762, '992', 'AS', null),
        (242, 'TOKELAU', 'TOKELAU', 'TOKELAU', 'TK', 'TKL', 772, '690', 'OC', null),
        (243, 'TURKMENISTÁN', 'TURKMENISTÁN', 'TURKMENISTAN', 'TM', 'TKM', 795, '993', 'AS', null),
        (244, 'TIMOR ORIENTAL', 'TIMOR-LESTE', 'TIMOR-LESTE, DEMOCRATIC REPUBLIC OF', 'TL', 'TLS', 626, '670', 'AS', null),
        (245, 'TONGA', 'TONGA', 'TONGA, KINGDOM OF', 'TO', 'TON', 776, '676', 'OC', null),
        (246, 'TRINIDAD Y TOBAGO', 'TRINIDAD Y TOBAGO', 'TRINIDAD AND TOBAGO, REPUBLIC OF', 'TT', 'TTO', 780, '+1 868', 'NA', null),
        (247, 'TÚNEZ', 'TÚNEZ', 'TUNISIA, TUNISIAN REPUBLIC', 'TN', 'TUN', 788, '216', 'AF', null),
        (248, 'TURQUÍA', 'TURQUÍA', 'TURKEY, REPUBLIC OF', 'TR', 'TUR', 792, '90', 'EU', null),
        (249, 'TUVALU', 'TUVALU', 'TUVALU', 'TV', 'TUV', 798, '688', 'OC', null);

insert into MAV_DATABASE.STATES (ID, NAME, INDICATIVE, ZIP_CODE, ID_COUNTRY, ID_CAPITAL_CITY, CODE)
values  (1, 'AMAZONAS', '8', '91xxxx', 49, null, '91'),
        (2, 'ANTIOQUIA', '4', '05xxxx', 49, null, '05'),
        (3, 'ARAUCA', '7', '81xxxx', 49, null, '81'),
        (4, 'ATLÁNTICO', '5', '08xxxx', 49, null, '08'),
        (5, 'BOGOTÁ', '1', '11xxxx', 49, null, '11'),
        (6, 'BOLÍVAR', '5', '13xxxx', 49, null, '13'),
        (7, 'BOYACÁ', '8', '15xxxx', 49, null, '15'),
        (8, 'CALDAS', '6', '17xxxx', 49, null, '17'),
        (9, 'CAQUETÁ', '8', '18xxxx', 49, null, '18'),
        (10, 'CASANARE', '8', '85xxxx', 49, null, '85'),
        (11, 'CAUCA', '2', '19xxxx', 49, null, '19'),
        (12, 'CESAR', '5', '20xxxx', 49, null, '20'),
        (13, 'CHOCÓ', '4', '27xxxx', 49, null, '27'),
        (14, 'CÓRDOBA', '4', '23xxxx', 49, null, '23'),
        (15, 'CUNDINAMARCA', '1', '25xxxx', 49, null, '25'),
        (16, 'GUAINÍA', '8', '94xxxx', 49, null, '94'),
        (17, 'GUAVIARE', '8', '95xxxx', 49, null, '95'),
        (18, 'HUILA', '8', '41xxxx', 49, null, '41'),
        (19, 'LA GUAJIRA', '5', '44xxxx', 49, null, '44'),
        (20, 'MAGDALENA', '5', '47xxxx', 49, null, '47'),
        (21, 'META', '8', '50xxxx', 49, null, '50'),
        (22, 'NARIÑO', '2', '52xxxx', 49, null, '52'),
        (23, 'NORTE DE SANTANDER', '7', '54xxxx', 49, null, '54'),
        (24, 'PUTUMAYO', '8', '86xxxx', 49, null, '86'),
        (25, 'QUINDÍO', '6', '63xxxx', 49, null, '63'),
        (26, 'RISARALDA', '6', '66xxxx', 49, null, '66'),
        (27, 'SAN ANDRÉS Y PROVIDENCIA', '8', '88xxxx', 49, null, '88'),
        (28, 'SANTANDER', '7', '68xxxx', 49, null, '68'),
        (29, 'SUCRE', '5', '70xxxx', 49, null, '70'),
        (30, 'TOLIMA', '8', '73xxxx', 49, null, '73'),
        (31, 'VALLE DEL CAUCA', '2', '76xxxx', 49, null, '76'),
        (32, 'VAUPÉS', '8', '97xxxx', 49, null, '97'),
        (33, 'VICHADA', '8', '99xxxx', 49, null, '99'),
        (34, 'ALABAMA', '-', 'AL', 234, null, 'US-AL'),
        (35, 'ALASKA', '-', 'AK', 234, null, 'US-AK'),
        (36, 'ARIZONA', '-', 'AZ', 234, null, 'US-AZ'),
        (37, 'ARKANSAS', '-', 'AR', 234, null, 'US-AR'),
        (38, 'CALIFORNIA', '-', 'NC', 234, null, 'US-NC'),
        (39, 'CAROLINA DEL NORTE', '-', 'SC', 234, null, 'US-SC'),
        (40, 'CAROLINA DEL SUR', '-', 'CO', 234, null, 'US-CO'),
        (41, 'COLORADO', '-', 'CT', 234, null, 'US-CT'),
        (42, 'CONNECTICUT', '-', 'SD', 234, null, 'US-SD'),
        (43, 'DAKOTA DEL NORTE', '-', 'DE', 234, null, 'US-DE'),
        (44, 'DAKOTA DEL SUR', '-', 'DC', 234, null, 'US-DC'),
        (45, 'DELAWARE', '-', 'FL', 234, null, 'US-FL'),
        (46, 'DISTRICT OF COLUMBIA', '-', 'GA', 234, null, 'US-GA'),
        (47, 'FLORIDA', '-', 'IA', 234, null, 'US-IA'),
        (48, 'GEORGIA', '-', 'KS', 234, null, 'US-KS'),
        (49, 'HAWÁI', '-', 'KY', 234, null, 'US-KY'),
        (50, 'IDAHO', '-', 'LA', 234, null, 'US-LA'),
        (51, 'ILLINOIS', '-', 'ME', 234, null, 'US-ME'),
        (52, 'INDIANA', '-', 'MD', 234, null, 'US-MD'),
        (53, 'IOWA', '-', 'MA', 234, null, 'US-MA'),
        (54, 'KANSAS', '-', 'MI', 234, null, 'US-MI'),
        (55, 'KENTUCKY', '-', 'MN', 234, null, 'US-MN'),
        (56, 'LUISIANA', '-', 'MO', 234, null, 'US-MO'),
        (57, 'MAINE', '-', 'NE', 234, null, 'US-NE'),
        (58, 'MARYLAND', '-', 'NV', 234, null, 'US-NV'),
        (59, 'MASSACHUSETTS', '-', 'NJ', 234, null, 'US-NJ'),
        (60, 'MICHIGAN', '-', 'NH', 234, null, 'US-NH'),
        (61, 'MINNESOTA', '-', 'NM', 234, null, 'US-NM'),
        (62, 'MISSOURI', '-', 'OK', 234, null, 'US-OK'),
        (63, 'MONTANA', '-', 'OR', 234, null, 'US-OR'),
        (64, 'NEBRASKA', '-', 'PA', 234, null, 'US-PA'),
        (65, 'NEVADA', '-', 'RI', 234, null, 'US-RI'),
        (66, 'NEW JERSEY', '-', 'TN', 234, null, 'US-TN'),
        (67, 'NEW HAMPSHIRE', '-', 'UT', 234, null, 'US-UT'),
        (68, 'NEW YORK', '-', 'VT', 234, null, 'US-VT'),
        (69, 'NUEVO MÉXICO', '-', 'WA', 234, null, 'US-WA'),
        (70, 'OHIO', '-', 'WV', 234, null, 'US-WV'),
        (71, 'OKLAHOMA', '-', 'WI', 234, null, 'US-WI'),
        (72, 'OREGÓN', '-', 'WY', 234, null, 'US-WY'),
        (73, 'PENNSYLVANIA', '-', 'S12000033', 234, null, 'GB-ABE'),
        (74, 'RHODE ISLAND', '-', 'S12000035', 234, null, 'GB-AGB'),
        (75, 'TENNESSEE', '-', 'S12000005', 234, null, 'GB-CLK'),
        (76, 'TEXAS', '-', 'S12000006', 234, null, 'GB-DGY'),
        (77, 'UTAH', '-', 'S12000008', 234, null, 'GB-EAY'),
        (78, 'VERMONT', '-', 'S12000045', 234, null, 'GB-EDU'),
        (79, 'VIRGINIA', '-', 'S12000010', 234, null, 'GB-ELN'),
        (80, 'WASHINGTON', '-', 'S12000011', 234, null, 'GB-ERW'),
        (81, 'WEST VIRGINIA', '-', 'S12000013', 234, null, 'GB-ELS'),
        (82, 'WISCONSIN', '-', 'S12000014', 234, null, 'GB-FAL'),
        (83, 'WYOMING', '-', 'S12000015', 234, null, 'GB-FIF'),
        (84, 'ABERDEEN', '-', 'S12000017', 79, null, 'GB-HLD'),
        (85, 'ABERDEENSHIRE', '-', 'S12000018', 79, null, 'GB-IVC'),
        (86, 'ANGUS', '-', 'S12000019', 79, null, 'GB-MLN'),
        (87, 'ARGYLL AND BUTE', '-', 'S12000020', 79, null, 'GB-MRY'),
        (88, 'CLACKMANNANSHIRE', '-', 'S12000023', 79, null, 'GB-ORK'),
        (89, 'DUMFRIES AND GALLOWAY', '-', 'S12000024', 79, null, 'GB-PKN'),
        (90, 'DUNDEE', '-', 'S12000038', 79, null, 'GB-RFW'),
        (91, 'EAST AYRSHIRE', '-', 'S12000027', 79, null, 'GB-ZET'),
        (92, 'EAST DUNBARTONSHIRE', '-', 'S12000028', 79, null, 'GB-SAY'),
        (93, 'EAST LOTHIAN', '-', 'S12000029', 79, null, 'GB-SLK'),
        (94, 'EAST RENFREWSHIRE', '-', 'S12000030', 79, null, 'GB-STG'),
        (95, 'EDIMBURGO', '-', 'S12000039', 79, null, 'GB-WDU'),
        (96, 'FALKIRK', '-', 'E12000004', 79, null, '-'),
        (97, 'FIFE', '-', 'E12000006', 79, null, '-'),
        (98, 'GLASGOW', '-', 'E12000007', 79, null, '-'),
        (99, 'HÉBRIDAS EXTERIORES', '-', 'E12000001', 79, null, '-'),
        (100, 'HIGHLAND', '-', 'E12000002', 79, null, '-'),
        (101, 'INVERCLYDE', '-', 'E12000008', 79, null, '-'),
        (102, 'MIDLOTHIAN', '-', 'E12000009', 79, null, '-'),
        (103, 'MORAY', '-', 'E12000005', 79, null, '-'),
        (104, 'NORTH AYRSHIRE', '-', 'E12000003', 79, null, '-'),
        (105, 'NORTH LANARKSHIRE', '-', '-', 79, null, 'GB-BFS'),
        (106, 'ORKNEY', '-', '-', 79, null, 'GB-AND'),
        (107, 'PERTH AND KINROSS', '-', '-', 79, null, 'GB-ANN'),
        (108, 'RENFREWSHIRE', '-', '-', 79, null, 'GB-LBC'),
        (109, 'SCOTTISH BORDERS', '-', '-', 79, null, 'GB-NMD'),
        (110, 'SHETLAND', '-', '-', 79, null, 'GB-ABC'),
        (111, 'SOUTH AYRSHIRE', '-', '-', 79, null, 'GB-MEA'),
        (112, 'SOUTH LANARKSHIRE', '-', '-', 79, null, 'GB-CCG'),
        (113, 'STIRLING', '-', '-', 79, null, 'GB-MUL'),
        (114, 'WEST DUNBARTONSHIRE', '-', '-', 79, null, 'GB-DRS'),
        (115, 'WEST LOTHIAN', '-', '-', 79, null, 'GB-FMO'),
        (116, 'EAST MIDLANDS', '-', 'W06000019', 79, null, 'GB-BGW'),
        (117, 'EAST OF ENGLAND', '-', 'W06000013', 79, null, 'GB-BGE'),
        (118, 'GREATER LONDON', '-', 'W06000018', 79, null, 'GB-CAY'),
        (119, 'NORTH EAST ENGLAND', '-', 'W06000015', 79, null, 'GB-CRF'),
        (120, 'NORTH WEST ENGLAND', '-', 'W06000010', 79, null, 'GB-CMN'),
        (121, 'SOUTH EAST ENGLAND', '-', 'W06000008', 79, null, 'GB-CGN'),
        (122, 'SOUTH WEST ENGLAND', '-', 'W06000003', 79, null, 'GB-CWY'),
        (123, 'WEST MIDLANDS', '-', 'W06000004', 79, null, 'GB-DEN'),
        (124, 'YORKSHIRE AND THE HUMBER', '-', 'W06000005', 79, null, 'GB-FLN'),
        (125, 'BELFAST', '-', 'W06000002', 79, null, 'GB-GWN'),
        (126, 'ARDS AND NORTH DOWN', '-', 'W06000001', 79, null, 'GB-AGY'),
        (127, 'ANTRIM AND NEWTOWNABBEY', '-', 'W06000024', 79, null, 'GB-MTY'),
        (128, 'LISBURN AND CASTLEREAGH', '-', 'W06000012', 79, null, 'GB-NTL'),
        (129, 'NEWRY, MOURNE AND DOWN', '-', 'W06000022', 79, null, 'GB-NWP'),
        (130, 'ARMAGH, BANBRIDGE AND CRAIGAVON', '-', 'W06000009', 79, null, 'GB-PEM'),
        (131, 'MID AND EAST ANTRIM', '-', 'W06000016', 79, null, 'GB-RCT'),
        (132, 'CAUSEWAY COAST AND GLENS', '-', 'W06000011', 79, null, 'GB-SWA'),
        (133, 'MID-ULSTER', '-', 'W06000020', 79, null, 'GB-TOF'),
        (134, 'DERRY AND STRABANE', '-', 'W06000014', 79, null, 'GB-VGL'),
        (135, 'FERMANAGH AND OMAGH', '-', 'W06000006', 79, null, 'GB-WRX'),
        (136, 'BLAENAU GWENT', '-', '08', 79, null, 'DE-BW'),
        (137, 'BRIDGEND (PEN-Y-BONT AR OGWR)', '-', '09', 79, null, 'DE-BY'),
        (138, 'CAERPHILLY (CAERFFILI)', '-', '11', 79, null, 'DE-BE'),
        (139, 'CARDIFF (CAERDYDD)', '-', '12', 79, null, 'DE-BB'),
        (140, 'CARMARTHENSHIRE (SIR GAERFYRDDIN)', '-', '04', 79, null, 'DE-HB'),
        (141, 'CEREDIGION (SIR CEREDIGION)', '-', '02', 79, null, 'DE-HH'),
        (142, 'CONWY', '-', '06', 79, null, 'DE-HE'),
        (143, 'DENBIGHSHIRE (SIR DDINBYCH)', '-', '13', 79, null, 'DE-MV'),
        (144, 'FLINTSHIRE (SIR Y FFLINT)', '-', '03', 79, null, 'DE-NI'),
        (145, 'GWYNEDD', '-', '05', 79, null, 'DE-NW'),
        (146, 'ISLE OF ANGLESEY (SIR YNYS MON)', '-', '07', 79, null, 'DE-RP'),
        (147, 'MERTHYR TYDFIL (MERTHYR TUDFUL)', '-', '10', 79, null, 'DE-SL'),
        (148, 'MONMOUTHSHIRE (SIR FYNWY)', '-', '14', 79, null, 'DE-SN'),
        (149, 'NEATH PORT TALBOT (CASTELL-NEDD PORT TALBOT)', '-', '15', 79, null, 'DE-ST'),
        (150, 'NEWPORT (CASNEWYDD)', '-', '01', 79, null, 'DE-SH'),
        (151, 'PEMBROKESHIRE (SIR BENFRO)', '-', '16', 79, null, 'DE-TH'),
        (152, 'POWYS', '-', '2', 79, null, 'ES-AR'),
        (153, 'RHONDDA CYNON TAF', '-', '12', 79, null, 'ES-MC'),
        (154, 'SWANSEA (ABERTAWE)', '-', '9', 79, null, 'ES-EX'),
        (155, 'TORFAEN (TOR-FAEN)', '-', '4', 79, null, 'ES-CB'),
        (156, 'VALE OF GLAMORGAN (BRO MORGANNWG)', '-', '5', 79, null, 'ES-CM'),
        (157, 'WREXHAM (WRECSAM)', '-', '6', 79, null, 'ES-CL'),
        (158, 'BADEN-WURTEMBERG', '-', '11', 59, null, 'ES-MD'),
        (159, 'BAYERN', '-', '8', 59, null, 'ES-VC'),
        (160, 'BERLÍN', '-', '1', 59, null, 'ES-AN'),
        (161, 'BRANDEMBURGO', '-', '10', 59, null, 'ES-GA'),
        (162, 'BREMEN', '-', '16', 59, null, 'ES-IB'),
        (163, 'HAMBURGO', '-', '3', 59, null, 'ES-AS'),
        (164, 'HESSEN', '-', '11', 59, null, 'FR-IDF'),
        (165, 'MECKLEMBURGO-POMERANIA OCCIDENTAL', '-', '32', 59, null, 'FR-HDF'),
        (166, 'NIEDERSACHSEN', '-', '94', 59, null, 'FR-COR'),
        (167, 'RENANIA DEL NORTE-WESTFALIA', '-', '24', 59, null, 'FR-CVL'),
        (168, 'RENANIA-PALATINADO', '-', '27', 59, null, 'FR-BFC'),
        (169, 'SARRE', '-', '28', 59, null, 'FR-NOR'),
        (170, 'SAJONIA', '-', '75', 59, null, 'FR-NAQ'),
        (171, 'SAJONIA-ANHALT', '-', '76', 59, null, 'FR-OCC'),
        (172, 'SCHLESWIG-HOLSTEIN', '-', '52', 59, null, 'FR-PDL'),
        (173, 'TURINGIA', '-', '93', 59, null, 'FR-PAC'),
        (174, 'ARAGÓN', '-', '1', 69, null, 'GP'),
        (175, 'REGIÓN DE MURCIA', '-', '4', 69, null, 'RE'),
        (176, 'EXTREMADURA', '-', '3', 69, null, 'GF'),
        (177, 'CANTABRIA', '-', '978', 69, null, 'MF'),
        (178, 'CASTILLA-LA MANCHA', '-', '986', 69, null, 'WF'),
        (179, 'CASTILLA Y LEÓN', '-', '975', 69, null, 'PM'),
        (180, 'CATALUÑA', '-', '988', 69, null, 'NC'),
        (181, 'COMUNIDAD DE MADRID', '-', '987', 69, null, 'PF'),
        (182, 'COMUNIDAD FORAL DE NAVARRA', '-', '989', 69, null, 'CP'),
        (183, 'COMUNIDAD VALENCIANA', '-', '984', 69, null, 'TF'),
        (184, 'ANDALUCÍA', '-', '13', 69, null, 'IT-65'),
        (185, 'GALICIA', '-', '15', 69, null, 'IT-72'),
        (186, 'ISLAS BALEARES', '-', '3', 69, null, 'IT-25'),
        (187, 'ISLAS CANARIAS', '-', '11', 69, null, 'IT-57'),
        (188, 'LA RIOJA', '-', '14', 69, null, 'IT-67'),
        (189, 'PAÍS VASCO', '-', '10', 69, null, 'IT-55'),
        (190, 'PRINCIPADO DE ASTURIAS', '-', '5', 69, null, 'IT-34'),
        (191, 'AUVERNIA-RÓDANO-ALPES', '-', '11', 75, null, 'CA-PE'),
        (192, 'ISLA DE FRANCIA', '-', '24', 75, null, 'CA-QC'),
        (193, 'HAUTS-DE-FRANCE', '-', '47', 75, null, 'CA-SK'),
        (194, 'GRAN ESTE', '-', '61', 75, null, 'CA-NT'),
        (195, 'CÓRCEGA', '-', '62', 75, null, 'CA-UN'),
        (196, 'CENTRO-VALLE DE LOIRA', '-', '60', 75, null, 'CA-YT'),
        (197, 'BRETAÑA', '-', '2', 75, null, 'MX-BCN'),
        (198, 'BORGOÑA-FRANCO CONDADO', '-', '3', 75, null, 'MX-BCS'),
        (199, 'NORMANDÍA', '-', '20', 75, null, 'MX-OAX'),
        (200, 'NUEVA AQUITANIA', '-', '21', 75, null, 'MX-PUE'),
        (201, 'OCCITANIA', '-', '22', 75, null, 'MX-QUE'),
        (202, 'PAÍS DEL LOIRA', '-', '23', 75, null, 'MX-ROO'),
        (203, 'PROVENZA-ALPES-COSTA AZUL', '-', '26', 75, null, 'MX-SON'),
        (204, 'GUADALUPE', '-', '28', 75, null, 'MX-TAM'),
        (205, 'MAYOTTE', '-', '29', 75, null, 'MX-TLA'),
        (206, 'MARTINICA', '-', '30', 75, null, 'MX-VER'),
        (207, 'REUNIÓN', '-', '31', 75, null, 'MX-YUC'),
        (208, 'GUAYANA', '-', '32', 75, null, 'MX-ZAC'),
        (209, 'SAINT-MARTIN', '-', 'NSW', 75, null, 'AU-NSW'),
        (210, 'SAINT-BARTHÉLEMY', '-', 'QLD', 75, null, 'AU-QLD'),
        (211, 'WALLIS ET FUTUNA', '-', 'SA', 75, null, 'AU-SA'),
        (212, 'SAINT-PIERRE ET MIQUELON', '-', 'TAS', 75, null, 'AU-TAS'),
        (213, 'NOUVELLE-CALÉDONIE', '-', 'VIC', 75, null, 'AU-VIC'),
        (214, 'POLYNÉSIE FRANÇAISE', '-', 'WA', 75, null, 'AU-WA'),
        (215, 'CLIPPERTON', '-', 'ACT', 75, null, 'AU-ACT'),
        (216, 'TERRES AUSTRALES ET ANTARCTIQUES', '-', '-', 75, null, 'JBT'),
        (217, 'ABRUZZO', '-', '-', 111, null, 'AAT'),
        (218, 'BASILICATA', '-', '-', 111, null, 'CX'),
        (219, 'CALABRIA', '-', '-', 111, null, 'CC'),
        (220, 'CAMPANIA', '-', '-', 111, null, 'AU-CR'),
        (221, 'EMILIA- ROMAGNA', '-', '-', 111, null, 'AU-AS'),
        (222, 'LAZIO', '-', '19', 111, null, 'ES-ME'),
        (223, 'LIGURIA', null, 'MS', 111, null, 'US-MS'),
        (224, 'LOMBARDÍA', null, null, 111, null, null),
        (225, 'MARCHE', null, null, 111, null, null),
        (226, 'MOLISE', null, null, 111, null, null),
        (227, 'PIEMONTE', null, null, 111, null, null),
        (228, 'PUGLIA', null, null, 111, null, null),
        (229, 'TOSCANA', null, null, 111, null, null),
        (230, 'UMBRIA', null, null, 111, null, null),
        (231, 'VENETO', null, null, 111, null, null),
        (232, 'FRIULI-VENEZIA GIULIA', null, null, 111, null, null),
        (233, 'SARDEGNA', null, null, 111, null, null),
        (234, 'SICILIA', null, null, 111, null, null),
        (235, 'TRENTINO- ALTO ADIGE', null, null, 111, null, null),
        (236, 'VALLE D''AOSTA', '-', null, 111, null, null),
        (237, 'ALBERTA', null, null, 39, null, null),
        (238, 'BRITISH COLUMBIA / COLOMBIE BRITANIQUE', null, null, 39, null, null),
        (239, 'MANITOBA', null, null, 39, null, null),
        (240, 'NEW BRUNSWICK / NOUVEAU-BRUNSWICK', null, null, 39, null, null),
        (241, 'NEWFOUNDLAND & LABRADOR / TERRE-NEUVE-ET-LABRADOR', '-', null, 39, null, null),
        (242, 'NOVA SCOTIA / NOUVELLE-ÉCOSSE', null, null, 39, null, null),
        (243, 'ONTARIO', null, null, 39, null, null),
        (244, 'PRINCE EDWARD ISLAND / ÎLE-DU-PRINCE-ÉDOUARD', null, null, 39, null, null),
        (245, 'QUEBEC / QUÉBEC', null, null, 39, null, null),
        (246, 'SASKATCHEWAN', null, null, 39, null, null),
        (247, 'NORTHWEST TERRITORIES / TERRITOIRES DU NORD-OUEST', null, null, 39, null, null),
        (248, 'NUNAVUT', null, null, 39, null, null),
        (249, 'YUKÓN', null, null, 39, null, null),
        (250, 'CIUDAD DE MÉXICO', null, null, 142, null, null),
        (251, 'AGUASCALIENTES', null, null, 142, null, null),
        (252, 'BAJA CALIFORNIA', null, null, 142, null, null),
        (253, 'BAJA CALIFORNIA SUR', null, null, 142, null, null),
        (254, 'CAMPECHE', null, null, 142, null, null),
        (255, 'CHIAPAS', null, null, 142, null, null),
        (256, 'CHIHUAHUA', null, null, 142, null, null),
        (257, 'COAHUILA DE ZARAGOZA', null, null, 142, null, null),
        (258, 'COLIMA', null, null, 142, null, null),
        (259, 'DURANGO', null, null, 142, null, null),
        (260, 'GUANAJUATO', null, null, 142, null, null),
        (261, 'GUERRERO', null, null, 142, null, null),
        (262, 'HIDALGO', null, null, 142, null, null),
        (263, 'JALISCO', null, null, 142, null, null),
        (264, 'MÉXICO', null, null, 142, null, null),
        (265, 'MICHOACÁN DE OCAMPO', null, null, 142, null, null),
        (266, 'MORELOS', null, null, 142, null, null),
        (267, 'NAYARIT', null, null, 142, null, null),
        (268, 'NUEVO LEÓN', null, null, 142, null, null),
        (269, 'OAXACA', null, null, 142, null, null),
        (270, 'PUEBLA', null, null, 142, null, null),
        (271, 'QUERÉTARO', null, null, 142, null, null),
        (272, 'QUINTANA ROO', null, null, 142, null, null),
        (273, 'SAN LUÍS POTOSÍ', null, null, 142, null, null),
        (274, 'SINALOA', null, null, 142, null, null),
        (275, 'SONORA', null, null, 142, null, null),
        (276, 'TABASCO', null, null, 142, null, null),
        (277, 'TAMAULIPAS', null, null, 142, null, null),
        (278, 'TLAXCALA', null, null, 142, null, null),
        (279, 'VERACRUZ DE IGNACIO DE LA LLAVE', null, null, 142, null, null),
        (280, 'YUCATÁN', null, null, 142, null, null),
        (281, 'ZACATECAS', null, null, 142, null, null),
        (282, 'NEW SOUTH WALES', null, null, 14, null, null),
        (283, 'QUEENSLAND', null, null, 14, null, null),
        (284, 'SOUTH AUSTRALIA', null, null, 14, null, null),
        (285, 'TASMANIA', null, null, 14, null, null),
        (286, 'VICTORIA', null, null, 14, null, null),
        (287, 'WESTERN AUSTRALIA', null, null, 14, null, null),
        (288, 'AUSTRALIAN CAPITAL TERRITORY', null, null, 14, null, null),
        (289, 'NORTHERN TERRITORY', null, null, 14, null, null),
        (290, 'JERVIS BAY TERRITORY', null, null, 14, null, null),
        (291, 'AUSTRALIAN ANTARCTIC TERRITORY', null, null, 14, null, null),
        (292, 'NORFOLK ISLAND', null, null, 14, null, null),
        (293, 'CHRISTMAS ISLAND', null, null, 14, null, null),
        (294, 'COCOS (KEELING) ISLANDS', null, null, 14, null, null),
        (295, 'CORAL SEA ISLANDS', null, null, 14, null, null),
        (296, 'ASHMORE & CARTIER ISLANDS', '-', null, 14, null, null),
        (297, 'HEARD & MCDONALD ISLANDS', '-', null, 14, null, null),
        (298, 'CEUTA', null, null, 69, null, null),
        (299, 'MELILLA', null, null, 69, null, null),
        (300, 'MISSISSIPPI', null, null, 234, null, null),
        (301, 'CHARENTE MARÍTIMO', null, null, 75, null, null),
        (302, 'ISERE', null, null, 75, null, null),
        (303, 'HERAULT', null, null, 75, null, null),
        (304, 'DOUBS', null, null, 75, null, null),
        (305, 'GEHEE', null, null, 75, null, null),
        (306, 'MOSELA', null, null, 75, null, null),
        (307, 'PASO DE CALAIS', null, null, 75, null, null),
        (308, 'PUY-DE-DOME', null, null, 75, null, null),
        (309, 'VIENNE', null, null, 75, null, null),
        (310, 'PROVINCIA DE BUENOS AIRES', null, null, 49, null, null),
        (311, 'PROVINCIA DE CORRIENTES', null, null, 8, null, null),
        (312, 'PROVINCIA DE MENDOZA', '7', '678FGH', 8, null, 'FGHY123'),
        (313, 'PROVINCIA DE SANTA FE', null, null, 8, null, null),
        (314, 'PROVINCIA DE TUCUMÁN', null, null, 8, null, null),
        (315, 'REGIÓN FLAMENCA FLANDES', null, null, 18, null, null),
        (316, 'BAHÍA', null, null, 32, null, null),
        (317, 'ESPÍRITO SANTO', null, null, 32, null, null),
        (318, 'CEARÁ', null, null, 32, null, null),
        (319, 'ESTADO DE PARANÁ', null, null, 32, null, null),
        (320, 'COQUIMBO', null, null, 42, null, null),
        (321, 'PROVINCIA DE CONCEPCIÓN', null, null, 42, null, null),
        (322, 'PROVINCIA DE CURICÓ', null, null, 42, null, null),
        (323, 'PROVINCIA DE ÑUBLE', null, null, 42, null, null),
        (324, 'REGIÓN DEL BIOBÍO', null, null, 42, null, null),
        (325, 'REGIÓN METROPOLITANA', null, null, 42, null, null),
        (326, 'HONG KONG', null, null, 43, null, null),
        (327, 'HUNAN', null, null, 43, null, null),
        (328, 'JIANGSU', null, null, 43, null, null),
        (329, 'SHANDONG', null, null, 43, null, null),
        (330, 'FUJIAN', null, null, 49, null, null),
        (331, 'ZHEJIANG', null, null, 43, null, null),
        (332, 'SAN RAMON', null, null, 52, null, null),
        (333, 'PRAGA', null, null, 58, null, null),
        (334, 'COPENHAGUE', null, null, 62, null, null),
        (335, 'PROVINCIA DE ESMERALDAS', null, null, 65, null, null),
        (336, 'TBILISI / TIFLIS', null, null, 80, null, null),
        (337, 'ATENAS', null, null, 89, null, null),
        (338, 'CRETA', null, null, 89, null, null),
        (339, 'ZAGREB', null, null, 99, null, null),
        (340, 'BUDAPEST', null, null, 101, null, null),
        (341, 'KECSKEMÉT', null, null, 101, null, null),
        (342, 'RAJASTÁN', null, null, 104, null, null),
        (343, 'LEINSTER', null, null, 106, null, null),
        (344, 'JERUSALÉN', null, null, 110, null, null),
        (345, 'PROVINCIA DE PADUA', null, null, 111, null, null),
        (346, 'APULIA', '-', '-', 111, null, 'NF'),
        (347, 'PROVINCIA DE BARI', null, null, 111, null, null),
        (348, 'BUSAN', null, null, 122, null, null),
        (349, 'GYEONGGI', null, null, 122, null, null),
        (350, 'KAUNAS', null, null, 49, null, null),
        (351, 'MONTECARLO', null, null, 49, null, null),
        (352, 'REGIÓN EL BAJÍO', null, null, 142, null, null),
        (353, 'GRAND PORT', null, null, 155, null, null),
        (354, 'SELANGOR', null, null, 157, null, null),
        (355, 'LA HAYA', null, null, 166, null, null),
        (356, 'AUCKLAND', null, null, 170, null, null),
        (357, 'PROVINCIA DE LIMA', null, null, 175, null, null),
        (358, 'WESTERN VISAYAS', null, null, 176, null, null),
        (359, 'CRACOVIA', null, null, 179, null, null),
        (360, 'VARSOVIA', null, null, 179, null, null),
        (361, 'SANTARÉM', null, null, 182, null, null),
        (362, 'ASUNCIÓN', null, null, 183, null, null),
        (363, 'DOHA', null, null, 186, null, null),
        (364, 'TIMISOARA', null, null, 188, null, null),
        (365, 'MOSCÚ', null, null, 189, null, null),
        (366, 'KABGAYI', null, null, 190, null, null),
        (367, 'JURONG WEST', null, null, 194, null, null),
        (368, 'ESTOCOLMO', null, null, 210, null, null),
        (369, 'ESTAMBUL', null, null, 226, null, null),
        (370, 'DEPARTAMENTO DE MALDONADO', null, null, 233, null, null),
        (371, 'MONTEVIDEO', null, null, 233, null, null),
        (372, 'DISTRITO CAPITAL', null, null, 238, null, null),
        (373, 'TÁCHIRA', null, null, 238, null, null),
        (374, 'MONAGAS', null, null, 238, null, null),
        (375, 'ZULIA', null, null, 238, null, null),
        (376, 'SUCRE', null, null, 238, null, null),
        (377, 'ANZOÁTEGUI', null, null, 238, null, null),
        (378, 'BARINAS', null, null, 238, null, null),
        (379, 'MIRANDA', null, null, 238, null, null),
        (380, 'AMAZONAS', null, null, 238, null, null),
        (381, 'APURE', null, null, 238, null, null),
        (382, 'ARAGUA', null, null, 238, null, null),
        (383, 'BOLÍVAR', null, null, 238, null, null),
        (384, 'CARABOBO', null, null, 238, null, null),
        (385, 'DELTA AMACURO', null, null, 238, null, null),
        (386, 'FALCÓN', null, null, 238, null, null),
        (387, 'GUÁRICO', null, null, 238, null, null),
        (388, 'LARA', null, null, 238, null, null),
        (389, 'MÉRIDA', null, null, 238, null, null),
        (390, 'NUEVA ESPARTA', null, null, 238, null, null),
        (391, 'PORTUGUESA', null, null, 238, null, null),
        (392, 'TRUJILLO', null, null, 238, null, null),
        (393, 'VARGAS', null, null, 238, null, null),
        (394, 'YARACUY', null, null, 238, null, null),
        (395, 'DA NANG', null, null, 241, null, null),
        (396, 'CABO OCCIDENTAL', null, null, 246, null, null),
        (397, 'OMAN', '-2', '123', 4, null, 'ASD567'),
        (398, 'LISBOA', '3', '123EDR', 6, null, '234DFH'),
        (399, 'FFD', null, 'FDF', 1, null, null),
        (400, 'TOLULA', '-3', '789YUI', 8, null, 'PRC456'),
        (401, 'PRUEBANUEVACIUDAD', '1', 'JYT365', 8, null, 'JHD567'),
        (402, 'TUTANKAMON 12345678901234567890123456789012345678901234567890123456789012345678901234567890123456789', '3', 'QWE123', 8, null, 'QWE123');

insert into MAV_DATABASE.CITIES (ID, NAME, ID_STATE, CODE)
values  (1, 'LETICIA', 1, '91001'),
        (2, 'El Encanto', 1, '91263'),
        (3, 'La Chorrera', 1, '91405'),
        (4, 'La Pedrera', 1, '91407'),
        (5, 'La Victoria', 1, '91430'),
        (6, 'Miriti - Paraná', 1, '91460'),
        (7, 'Puerto Alegría', 1, '91530'),
        (8, 'Puerto Arica', 1, '91536'),
        (9, 'Puerto Nariño', 1, '91540'),
        (10, 'Puerto Santander', 1, '91669'),
        (11, 'Tarapacá', 1, '91798'),
        (12, 'Medellín', 2, '05001'),
        (13, 'Abejorral', 2, '05002'),
        (14, 'Abriaquí', 2, '05004'),
        (15, 'Alejandría', 2, '05021'),
        (16, 'Amagá', 2, '05030'),
        (17, 'Amalfi', 2, '05031'),
        (18, 'Andes', 2, '05034'),
        (19, 'Angelópolis', 2, '05036'),
        (20, 'Angostura', 2, '05038'),
        (21, 'Anorí', 2, '05040'),
        (22, 'Santafé de Antioquia', 2, '05042'),
        (23, 'Anza', 2, '05044'),
        (24, 'Apartadó', 2, '05045'),
        (25, 'Arboletes', 2, '05051'),
        (26, 'Argelia', 2, '05055'),
        (27, 'Armenia', 2, '05059'),
        (28, 'Barbosa', 2, '05079'),
        (29, 'Belmira', 2, '05086'),
        (30, 'Bello', 2, '05088'),
        (31, 'Betania', 2, '05091'),
        (32, 'Betulia', 2, '05093'),
        (33, 'Ciudad Bolívar', 2, '05101'),
        (34, 'Briceño', 2, '05107'),
        (35, 'Buriticá', 2, '05113'),
        (36, 'Cáceres', 2, '05120'),
        (37, 'Caicedo', 2, '05125'),
        (38, 'Caldas', 2, '05129'),
        (39, 'Campamento', 2, '05134'),
        (40, 'Cañasgordas', 2, '05138'),
        (41, 'Caracolí', 2, '05142'),
        (42, 'Caramanta', 2, '05145'),
        (43, 'Carepa', 2, '05147'),
        (44, 'El Carmen de Viboral', 2, '05148'),
        (45, 'Carolina', 2, '05150'),
        (46, 'Caucasia', 2, '05154'),
        (47, 'Chigorodó', 2, '05172'),
        (48, 'Cisneros', 2, '05190'),
        (49, 'Cocorná', 2, '05197'),
        (50, 'Concepción', 2, '05206'),
        (51, 'Concordia', 2, '05209'),
        (52, 'Copacabana', 2, '05212'),
        (53, 'Dabeiba', 2, '05234'),
        (54, 'Don Matías', 2, '05237'),
        (55, 'Ebéjico', 2, '05240'),
        (56, 'El Bagre', 2, '05250'),
        (57, 'Entrerrios', 2, '05264'),
        (58, 'Envigado', 2, '05266'),
        (59, 'Fredonia', 2, '05282'),
        (60, 'Frontino', 2, '05284'),
        (61, 'Giraldo', 2, '05306'),
        (62, 'Girardota', 2, '05308'),
        (63, 'Gómez Plata', 2, '05310'),
        (64, 'Granada', 2, '05313'),
        (65, 'Guadalupe', 2, '05315'),
        (66, 'Guarne', 2, '05318'),
        (67, 'Guatapé', 2, '05321'),
        (68, 'Heliconia', 2, '05347'),
        (69, 'Hispania', 2, '05353'),
        (70, 'Itagui', 2, '05360'),
        (71, 'Ituango', 2, '05361'),
        (72, 'Jardín', 2, '05364'),
        (73, 'Jericó', 2, '05368'),
        (74, 'La Ceja', 2, '05376'),
        (75, 'La Estrella', 2, '05380'),
        (76, 'La Pintada', 2, '05390'),
        (77, 'La Unión', 2, '05400'),
        (78, 'Liborina', 2, '05411'),
        (79, 'Maceo', 2, '05425'),
        (80, 'Marinilla', 2, '05440'),
        (81, 'Montebello', 2, '05467'),
        (82, 'Murindó', 2, '05475'),
        (83, 'Mutatá', 2, '05480'),
        (84, 'Nariño', 2, '05483'),
        (85, 'Necoclí', 2, '05490'),
        (86, 'Nechí', 2, '05495'),
        (87, 'Olaya', 2, '05501'),
        (88, 'Peñol', 2, '05541'),
        (89, 'Peque', 2, '05543'),
        (90, 'Pueblorrico', 2, '05576'),
        (91, 'Puerto Berrío', 2, '05579'),
        (92, 'Puerto Nare', 2, '05585'),
        (93, 'Puerto Triunfo', 2, '05591'),
        (94, 'Remedios', 2, '05604'),
        (95, 'Retiro', 2, '05607'),
        (96, 'Rionegro', 2, '05615'),
        (97, 'Sabanalarga', 2, '05628'),
        (98, 'Sabaneta', 2, '05631'),
        (99, 'Salgar', 2, '05642'),
        (100, 'San Andrés de Cuerquía', 2, '05647'),
        (101, 'San Carlos', 2, '05649'),
        (102, 'San Francisco', 2, '05652'),
        (103, 'San Jerónimo', 2, '05656'),
        (104, 'San José de La Montaña', 2, '05658'),
        (105, 'San Juan de Urabá', 2, '05659'),
        (106, 'San Luis', 2, '05660'),
        (107, 'San Pedro', 2, '05664'),
        (108, 'San Pedro de Uraba', 2, '05665'),
        (109, 'San Rafael', 2, '05667'),
        (110, 'San Roque', 2, '05670'),
        (111, 'San Vicente', 2, '05674'),
        (112, 'Santa Bárbara', 2, '05679'),
        (113, 'Santa Rosa de Osos', 2, '05686'),
        (114, 'Santo Domingo', 2, '05690'),
        (115, 'El Santuario', 2, '05697'),
        (116, 'Segovia', 2, '05736'),
        (117, 'Sonson', 2, '05756'),
        (118, 'Sopetrán', 2, '05761'),
        (119, 'Támesis', 2, '05789'),
        (120, 'Tarazá', 2, '05790'),
        (121, 'Tarso', 2, '05792'),
        (122, 'Titiribí', 2, '05809'),
        (123, 'Toledo', 2, '05819'),
        (124, 'Turbo', 2, '05837'),
        (125, 'Uramita', 2, '05842'),
        (126, 'Urrao', 2, '05847'),
        (127, 'Valdivia', 2, '05854'),
        (128, 'Valparaíso', 2, '05856'),
        (129, 'Vegachí', 2, '05858'),
        (130, 'Venecia', 2, '05861'),
        (131, 'Vigía del Fuerte', 2, '05873'),
        (132, 'Yalí', 2, '05885'),
        (133, 'Yarumal', 2, '05887'),
        (134, 'Yolombó', 2, '05890'),
        (135, 'Yondó', 2, '05893'),
        (136, 'Zaragoza', 2, '05895'),
        (137, 'CORREO@GMAIL', 2, '05123'),
        (138, 'CORREO*GMAIL', 2, '05'),
        (139, 'Arauca', 3, '81001'),
        (140, 'Arauquita', 3, '81065'),
        (141, 'Cravo Norte', 3, '81220'),
        (142, 'Fortul', 3, '81300'),
        (143, 'Puerto Rondón', 3, '81591'),
        (144, 'Saravena', 3, '81736'),
        (145, 'Tame', 3, '81794'),
        (146, 'Barranquilla', 4, '08001'),
        (147, 'Baranoa', 4, '08078'),
        (148, 'Campo de La Cruz', 4, '08137'),
        (149, 'Candelaria', 4, '08141'),
        (150, 'Galapa', 4, '08296'),
        (151, 'Juan de Acosta', 4, '08372'),
        (152, 'Luruaco', 4, '08421'),
        (153, 'Malambo', 4, '08433'),
        (154, 'Manatí', 4, '08436'),
        (155, 'Palmar de Varela', 4, '08520'),
        (156, 'Piojó', 4, '08549'),
        (157, 'Polonuevo', 4, '08558'),
        (158, 'Ponedera', 4, '08560'),
        (159, 'Puerto Colombia', 4, '08573'),
        (160, 'Repelón', 4, '08606'),
        (161, 'Sabanagrande', 4, '08634'),
        (162, 'Sabanalarga', 4, '08638'),
        (163, 'Santa Lucía', 4, '08675'),
        (164, 'Santo Tomás', 4, '08685'),
        (165, 'Soledad', 4, '08758'),
        (166, 'Suan', 4, '08770'),
        (167, 'Tubará', 4, '08832'),
        (168, 'Usiacurí', 4, '08849'),
        (169, 'Bogotá, D.C.', 5, '11001'),
        (170, 'Cartagena', 6, '13001'),
        (171, 'Achí', 6, '13006'),
        (172, 'Altos del Rosario', 6, '13030'),
        (173, 'Arenal', 6, '13042'),
        (174, 'Arjona', 6, '13052'),
        (175, 'Arroyohondo', 6, '13062'),
        (176, 'Barranco de Loba', 6, '13074'),
        (177, 'Calamar', 6, '13140'),
        (178, 'Cantagallo', 6, '13160'),
        (179, 'Cicuco', 6, '13188'),
        (180, 'Córdoba', 6, '13212'),
        (181, 'Clemencia', 6, '13222'),
        (182, 'El Carmen de Bolívar', 6, '13244'),
        (183, 'El Guamo', 6, '13248'),
        (184, 'El Peñón', 6, '13268'),
        (185, 'Hatillo de Loba', 6, '13300'),
        (186, 'Magangué', 6, '13430'),
        (187, 'Mahates', 6, '13433'),
        (188, 'Margarita', 6, '13440'),
        (189, 'María La Baja', 6, '13442'),
        (190, 'Montecristo', 6, '13458'),
        (191, 'Mompós', 6, '13468'),
        (192, 'Morales', 6, '13473'),
        (193, 'Pinillos', 6, '13549'),
        (194, 'Regidor', 6, '13580'),
        (195, 'Río Viejo', 6, '13600'),
        (196, 'San Cristóbal', 6, '13620'),
        (197, 'San Estanislao', 6, '13647'),
        (198, 'San Fernando', 6, '13650'),
        (199, 'San Jacinto', 6, '13654'),
        (200, 'San Jacinto del Cauca', 6, '13655'),
        (201, 'San Juan Nepomuceno', 6, '13657'),
        (202, 'San Martín de Loba', 6, '13667'),
        (203, 'San Pablo', 6, '13670'),
        (204, 'Santa Catalina', 6, '13673'),
        (205, 'Santa Rosa', 6, '13683'),
        (206, 'Santa Rosa del Sur', 6, '13688'),
        (207, 'Simití', 6, '13744'),
        (208, 'Soplaviento', 6, '13760'),
        (209, 'Talaigua Nuevo', 6, '13780'),
        (210, 'Tiquisio', 6, '13810'),
        (211, 'Turbaco', 6, '13836'),
        (212, 'Turbaná', 6, '13838'),
        (213, 'Villanueva', 6, '13873'),
        (214, 'Zambrano', 6, '13894'),
        (215, 'Tunja', 7, '15001'),
        (216, 'Almeida', 7, '15022'),
        (217, 'Aquitania', 7, '15047'),
        (218, 'Arcabuco', 7, '15051'),
        (219, 'Belén', 7, '15087'),
        (220, 'Berbeo', 7, '15090'),
        (221, 'Betéitiva', 7, '15092'),
        (222, 'Boavita', 7, '15097'),
        (223, 'Boyacá', 7, '15104'),
        (224, 'Briceño', 7, '15106'),
        (225, 'Buenavista', 7, '15109'),
        (226, 'Busbanzá', 7, '15114'),
        (227, 'Caldas', 7, '15131'),
        (228, 'Campohermoso', 7, '15135'),
        (229, 'Cerinza', 7, '15162'),
        (230, 'Chinavita', 7, '15172'),
        (231, 'Chiquinquirá', 7, '15176'),
        (232, 'Chiscas', 7, '15180'),
        (233, 'Chita', 7, '15183'),
        (234, 'Chitaraque', 7, '15185'),
        (235, 'Chivatá', 7, '15187'),
        (236, 'Ciénega', 7, '15189'),
        (237, 'Cómbita', 7, '15204'),
        (238, 'Coper', 7, '15212'),
        (239, 'Corrales', 7, '15215'),
        (240, 'Covarachía', 7, '15218'),
        (241, 'Cubará', 7, '15223'),
        (242, 'Cucaita', 7, '15224'),
        (243, 'Cuítiva', 7, '15226'),
        (244, 'Chíquiza', 7, '15232'),
        (245, 'Chivor', 7, '15236'),
        (246, 'Duitama', 7, '15238'),
        (247, 'El Cocuy', 7, '15244'),
        (248, 'El Espino', 7, '15248'),
        (249, 'Firavitoba', 7, '15272'),
        (250, 'Floresta', 7, '15276'),
        (251, 'Gachantivá', 7, '15293'),
        (252, 'Gameza', 7, '15296'),
        (253, 'Garagoa', 7, '15299'),
        (254, 'Guacamayas', 7, '15317'),
        (255, 'Guateque', 7, '15322'),
        (256, 'Guayatá', 7, '15325'),
        (257, 'Güicán', 7, '15332'),
        (258, 'Iza', 7, '15362'),
        (259, 'Jenesano', 7, '15367'),
        (260, 'Jericó', 7, '15368'),
        (261, 'Labranzagrande', 7, '15377'),
        (262, 'La Capilla', 7, '15380'),
        (263, 'La Victoria', 7, '15401'),
        (264, 'La Uvita', 7, '15403'),
        (265, 'Villa de Leyva', 7, '15407'),
        (266, 'Macanal', 7, '15425'),
        (267, 'Maripí', 7, '15442'),
        (268, 'Miraflores', 7, '15455'),
        (269, 'Mongua', 7, '15464'),
        (270, 'Monguí', 7, '15466'),
        (271, 'Moniquirá', 7, '15469'),
        (272, 'Motavita', 7, '15476'),
        (273, 'Muzo', 7, '15480'),
        (274, 'Nobsa', 7, '15491'),
        (275, 'Nuevo Colón', 7, '15494'),
        (276, 'Oicatá', 7, '15500'),
        (277, 'Otanche', 7, '15507'),
        (278, 'Pachavita', 7, '15511'),
        (279, 'Páez', 7, '15514'),
        (280, 'Paipa', 7, '15516'),
        (281, 'Pajarito', 7, '15518'),
        (282, 'Panqueba', 7, '15522'),
        (283, 'Pauna', 7, '15531'),
        (284, 'Paya', 7, '15533'),
        (285, 'Paz de Río', 7, '15537'),
        (286, 'Pesca', 7, '15542'),
        (287, 'Pisba', 7, '15550'),
        (288, 'Puerto Boyacá', 7, '15572'),
        (289, 'Quípama', 7, '15580'),
        (290, 'Ramiriquí', 7, '15599'),
        (291, 'Ráquira', 7, '15600'),
        (292, 'Rondón', 7, '15621'),
        (293, 'Saboyá', 7, '15632'),
        (294, 'Sáchica', 7, '15638'),
        (295, 'Samacá', 7, '15646'),
        (296, 'San Eduardo', 7, '15660'),
        (297, 'San José de Pare', 7, '15664'),
        (298, 'San Luis de Gaceno', 7, '15667'),
        (299, 'San Mateo', 7, '15673'),
        (300, 'San Miguel de Sema', 7, '15676'),
        (301, 'San Pablo de Borbur', 7, '15681'),
        (302, 'Santana', 7, '15686'),
        (303, 'Santa María', 7, '15690'),
        (304, 'Santa Rosa de Viterbo', 7, '15693'),
        (305, 'Santa Sofía', 7, '15696'),
        (306, 'Sativanorte', 7, '15720'),
        (307, 'Sativasur', 7, '15723'),
        (308, 'Siachoque', 7, '15740'),
        (309, 'Soatá', 7, '15753'),
        (310, 'Socotá', 7, '15755'),
        (311, 'Socha', 7, '15757'),
        (312, 'Sogamoso', 7, '15759'),
        (313, 'Somondoco', 7, '15761'),
        (314, 'Sora', 7, '15762'),
        (315, 'Sotaquirá', 7, '15763'),
        (316, 'Soracá', 7, '15764'),
        (317, 'Susacón', 7, '15774'),
        (318, 'Sutamarchán', 7, '15776'),
        (319, 'Sutatenza', 7, '15778'),
        (320, 'Tasco', 7, '15790'),
        (321, 'Tenza', 7, '15798'),
        (322, 'Tibaná', 7, '15804'),
        (323, 'Tibasosa', 7, '15806'),
        (324, 'Tinjacá', 7, '15808'),
        (325, 'Tipacoque', 7, '15810'),
        (326, 'Toca', 7, '15814'),
        (327, 'Togüí', 7, '15816'),
        (328, 'Tópaga', 7, '15820'),
        (329, 'Tota', 7, '15822'),
        (330, 'Tununguá', 7, '15832'),
        (331, 'Turmequé', 7, '15835'),
        (332, 'Tuta', 7, '15837'),
        (333, 'Tutazá', 7, '15839'),
        (334, 'Umbita', 7, '15842'),
        (335, 'Ventaquemada', 7, '15861'),
        (336, 'Viracachá', 7, '15879'),
        (337, 'Zetaquira', 7, '15897'),
        (338, 'Manizales', 8, '17001'),
        (339, 'Aguadas', 8, '17013'),
        (340, 'Anserma', 8, '17042'),
        (341, 'Aranzazu', 8, '17050'),
        (342, 'Belalcázar', 8, '17088'),
        (343, 'Chinchiná', 8, '17174'),
        (344, 'Filadelfia', 8, '17272'),
        (345, 'La Dorada', 8, '17380'),
        (346, 'La Merced', 8, '17388'),
        (347, 'Manzanares', 8, '17433'),
        (348, 'Marmato', 8, '17442'),
        (349, 'Marquetalia', 8, '17444'),
        (350, 'Marulanda', 8, '17446'),
        (351, 'Neira', 8, '17486'),
        (352, 'Norcasia', 8, '17495'),
        (353, 'Pácora', 8, '17513'),
        (354, 'Palestina', 8, '17524'),
        (355, 'Pensilvania', 8, '17541'),
        (356, 'Riosucio', 8, '17614'),
        (357, 'Risaralda', 8, '17616'),
        (358, 'Salamina', 8, '17653'),
        (359, 'Samaná', 8, '17662'),
        (360, 'San José', 8, '17665'),
        (361, 'Supía', 8, '17777'),
        (362, 'Victoria', 8, '17867'),
        (363, 'Villamaría', 8, '17873'),
        (364, 'Viterbo', 8, '17877'),
        (365, 'Florencia', 9, '18001'),
        (366, 'Albania', 9, '18029'),
        (367, 'Belén de Los Andaquies', 9, '18094'),
        (368, 'Cartagena del Chairá', 9, '18150'),
        (369, 'Curillo', 9, '18205'),
        (370, 'El Doncello', 9, '18247'),
        (371, 'El Paujil', 9, '18256'),
        (372, 'La Montañita', 9, '18410'),
        (373, 'Milán', 9, '18460'),
        (374, 'Morelia', 9, '18479'),
        (375, 'Puerto Rico', 9, '18592'),
        (376, 'San José del Fragua', 9, '18610'),
        (377, 'San Vicente del Caguán', 9, '18753'),
        (378, 'Solano', 9, '18756'),
        (379, 'Solita', 9, '18785'),
        (380, 'Valparaíso', 9, '18860'),
        (381, 'Yopal', 10, '85001'),
        (382, 'Aguazul', 10, '85010'),
        (383, 'Chameza', 10, '85015'),
        (384, 'Hato Corozal', 10, '85125'),
        (385, 'La Salina', 10, '85136'),
        (386, 'Maní', 10, '85139'),
        (387, 'Monterrey', 10, '85162'),
        (388, 'Nunchía', 10, '85225'),
        (389, 'Orocué', 10, '85230'),
        (390, 'Paz de Ariporo', 10, '85250'),
        (391, 'Pore', 10, '85263'),
        (392, 'Recetor', 10, '85279'),
        (393, 'Sabanalarga', 10, '85300'),
        (394, 'Sácama', 10, '85315'),
        (395, 'San Luis de Palenque', 10, '85325'),
        (396, 'Támara', 10, '85400'),
        (397, 'Tauramena', 10, '85410'),
        (398, 'Trinidad', 10, '85430'),
        (399, 'Villanueva', 10, '85440'),
        (400, 'Popayán', 11, '19001'),
        (401, 'Almaguer', 11, '19022'),
        (402, 'Argelia', 11, '19050'),
        (403, 'Balboa', 11, '19075'),
        (404, 'Bolívar', 11, '19100'),
        (405, 'Buenos Aires', 11, '19110'),
        (406, 'Cajibío', 11, '19130'),
        (407, 'Caldono', 11, '19137'),
        (408, 'Caloto', 11, '19142'),
        (409, 'Corinto', 11, '19212'),
        (410, 'El Tambo', 11, '19256'),
        (411, 'Florencia', 11, '19290'),
        (412, 'Guapi', 11, '19318'),
        (413, 'Inzá', 11, '19355'),
        (414, 'Jambaló', 11, '19364'),
        (415, 'La Sierra', 11, '19392'),
        (416, 'La Vega', 11, '19397'),
        (417, 'López', 11, '19418'),
        (418, 'Mercaderes', 11, '19450'),
        (419, 'Miranda', 11, '19455'),
        (420, 'Morales', 11, '19473'),
        (421, 'Padilla', 11, '19513'),
        (422, 'Paez', 11, '19517'),
        (423, 'Patía', 11, '19532'),
        (424, 'Piamonte', 11, '19533'),
        (425, 'Piendamó', 11, '19548'),
        (426, 'Puerto Tejada', 11, '19573'),
        (427, 'Puracé', 11, '19585'),
        (428, 'Rosas', 11, '19622'),
        (429, 'San Sebastián', 11, '19693'),
        (430, 'Santander de Quilichao', 11, '19698'),
        (431, 'Santa Rosa', 11, '19701'),
        (432, 'Silvia', 11, '19743'),
        (433, 'Sotara', 11, '19760'),
        (434, 'Suárez', 11, '19780'),
        (435, 'Sucre', 11, '19785'),
        (436, 'Timbío', 11, '19807'),
        (437, 'Timbiquí', 11, '19809'),
        (438, 'Toribio', 11, '19821'),
        (439, 'Totoró', 11, '19824'),
        (440, 'Villa Rica', 11, '19845'),
        (441, 'Valledupar', 12, '20001'),
        (442, 'Aguachica', 12, '20011'),
        (443, 'Agustín Codazzi', 12, '20013'),
        (444, 'Astrea', 12, '20032'),
        (445, 'Becerril', 12, '20045'),
        (446, 'Bosconia', 12, '20060'),
        (447, 'Chimichagua', 12, '20175'),
        (448, 'Chiriguaná', 12, '20178'),
        (449, 'Curumaní', 12, '20228'),
        (450, 'El Copey', 12, '20238'),
        (451, 'El Paso', 12, '20250'),
        (452, 'Gamarra', 12, '20295'),
        (453, 'González', 12, '20310'),
        (454, 'La Gloria', 12, '20383'),
        (455, 'La Jagua de Ibirico', 12, '20400'),
        (456, 'Manaure', 12, '20443'),
        (457, 'Pailitas', 12, '20517'),
        (458, 'Pelaya', 12, '20550'),
        (459, 'Pueblo Bello', 12, '20570'),
        (460, 'Río de Oro', 12, '20614'),
        (461, 'La Paz', 12, '20621'),
        (462, 'San Alberto', 12, '20710'),
        (463, 'San Diego', 12, '20750'),
        (464, 'San Martín', 12, '20770'),
        (465, 'Tamalameque', 12, '20787'),
        (466, 'Quibdó', 13, '27001'),
        (467, 'Acandí', 13, '27006'),
        (468, 'Alto Baudo', 13, '27025'),
        (469, 'Atrato', 13, '27050'),
        (470, 'Bagadó', 13, '27073'),
        (471, 'Bahía Solano', 13, '27075'),
        (472, 'Bajo Baudó', 13, '27077'),
        (473, 'Belén de Bajirá1', 13, '27086'),
        (474, 'Bojaya', 13, '27099'),
        (475, 'El Cantón del San Pablo', 13, '27135'),
        (476, 'Carmen del Darien', 13, '27150'),
        (477, 'Cértegui', 13, '27160'),
        (478, 'Condoto', 13, '27205'),
        (479, 'El Carmen de Atrato', 13, '27245'),
        (480, 'El Litoral del San Juan', 13, '27250'),
        (481, 'Istmina', 13, '27361'),
        (482, 'Juradó', 13, '27372'),
        (483, 'Lloró', 13, '27413'),
        (484, 'Medio Atrato', 13, '27425'),
        (485, 'Medio Baudó', 13, '27430'),
        (486, 'Medio San Juan', 13, '27450'),
        (487, 'Nóvita', 13, '27491'),
        (488, 'Nuquí', 13, '27495'),
        (489, 'Río Iro', 13, '27580'),
        (490, 'Río Quito', 13, '27600'),
        (491, 'Riosucio', 13, '27615'),
        (492, 'San José del Palmar', 13, '27660'),
        (493, 'Sipí', 13, '27745'),
        (494, 'Tadó', 13, '27787'),
        (495, 'Unguía', 13, '27800'),
        (496, 'Unión Panamericana', 13, '27810'),
        (497, 'PRUEBA123', 13, '27123456'),
        (498, 'Montería', 14, '23001'),
        (499, 'Ayapel', 14, '23068'),
        (500, 'Buenavista', 14, '23079'),
        (501, 'Canalete', 14, '23090'),
        (502, 'Cereté', 14, '23162'),
        (503, 'Chimá', 14, '23168'),
        (504, 'Chinú', 14, '23182'),
        (505, 'Ciénaga de Oro', 14, '23189'),
        (506, 'Cotorra', 14, '23300'),
        (507, 'La Apartada', 14, '23350'),
        (508, 'Lorica', 14, '23417'),
        (509, 'Los Córdobas', 14, '23419'),
        (510, 'Momil', 14, '23464'),
        (511, 'Montelíbano', 14, '23466'),
        (512, 'Moñitos', 14, '23500'),
        (513, 'Planeta Rica', 14, '23555'),
        (514, 'Pueblo Nuevo', 14, '23570'),
        (515, 'Puerto Escondido', 14, '23574'),
        (516, 'Puerto Libertador', 14, '23580'),
        (517, 'Purísima', 14, '23586'),
        (518, 'Sahagún', 14, '23660'),
        (519, 'San Andrés Sotavento', 14, '23670'),
        (520, 'San Antero', 14, '23672'),
        (521, 'San Bernardo del Viento', 14, '23675'),
        (522, 'San Carlos', 14, '23678'),
        (523, 'San Pelayo', 14, '23686'),
        (524, 'Tierralta', 14, '23807'),
        (525, 'Valencia', 14, '23855'),
        (526, 'Agua de Dios', 15, '25001'),
        (527, 'Albán', 15, '25019'),
        (528, 'Anapoima', 15, '25035'),
        (529, 'Anolaima', 15, '25040'),
        (530, 'Arbeláez', 15, '25053'),
        (531, 'Beltrán', 15, '25086'),
        (532, 'Bituima', 15, '25095'),
        (533, 'Bojacá', 15, '25099'),
        (534, 'Cabrera', 15, '25120'),
        (535, 'Cachipay', 15, '25123'),
        (536, 'Cajicá', 15, '25126'),
        (537, 'Caparrapí', 15, '25148'),
        (538, 'Caqueza', 15, '25151'),
        (539, 'Carmen de Carupa', 15, '25154'),
        (540, 'Chaguaní', 15, '25168'),
        (541, 'Chía', 15, '25175'),
        (542, 'Chipaque', 15, '25178'),
        (543, 'Choachí', 15, '25181'),
        (544, 'Chocontá', 15, '25183'),
        (545, 'Cogua', 15, '25200'),
        (546, 'Cota', 15, '25214'),
        (547, 'Cucunubá', 15, '25224'),
        (548, 'El Colegio', 15, '25245'),
        (549, 'El Peñón', 15, '25258'),
        (550, 'El Rosal', 15, '25260'),
        (551, 'Facatativá', 15, '25269'),
        (552, 'Fomeque', 15, '25279'),
        (553, 'Fosca', 15, '25281'),
        (554, 'Funza', 15, '25286'),
        (555, 'Fúquene', 15, '25288'),
        (556, 'Fusagasugá', 15, '25290'),
        (557, 'Gachala', 15, '25293'),
        (558, 'Gachancipá', 15, '25295'),
        (559, 'Gachetá', 15, '25297'),
        (560, 'Gama', 15, '25299'),
        (561, 'Girardot', 15, '25307'),
        (562, 'Granada', 15, '25312'),
        (563, 'Guachetá', 15, '25317'),
        (564, 'Guaduas', 15, '25320'),
        (565, 'Guasca', 15, '25322'),
        (566, 'Guataquí', 15, '25324'),
        (567, 'Guatavita', 15, '25326'),
        (568, 'Guayabal de Siquima', 15, '25328'),
        (569, 'Guayabetal', 15, '25335'),
        (570, 'Gutiérrez', 15, '25339'),
        (571, 'Jerusalén', 15, '25368'),
        (572, 'Junín', 15, '25372'),
        (573, 'La Calera', 15, '25377'),
        (574, 'La Mesa', 15, '25386'),
        (575, 'La Palma', 15, '25394'),
        (576, 'La Peña', 15, '25398'),
        (577, 'La Vega', 15, '25402'),
        (578, 'Lenguazaque', 15, '25407'),
        (579, 'Macheta', 15, '25426'),
        (580, 'Madrid', 15, '25430'),
        (581, 'Manta', 15, '25436'),
        (582, 'Medina', 15, '25438'),
        (583, 'Mosquera', 15, '25473'),
        (584, 'Nariño', 15, '25483'),
        (585, 'Nemocón', 15, '25486'),
        (586, 'Nilo', 15, '25488'),
        (587, 'Nimaima', 15, '25489'),
        (588, 'Nocaima', 15, '25491'),
        (589, 'Venecia', 15, '25506'),
        (590, 'Pacho', 15, '25513'),
        (591, 'Paime', 15, '25518'),
        (592, 'Pandi', 15, '25524'),
        (593, 'Paratebueno', 15, '25530'),
        (594, 'Pasca', 15, '25535'),
        (595, 'Puerto Salgar', 15, '25572'),
        (596, 'Pulí', 15, '25580'),
        (597, 'Quebradanegra', 15, '25592'),
        (598, 'Quetame', 15, '25594'),
        (599, 'Quipile', 15, '25596'),
        (600, 'Apulo', 15, '25599'),
        (601, 'Ricaurte', 15, '25612'),
        (602, 'San Antonio del Tequendama', 15, '25645'),
        (603, 'San Bernardo', 15, '25649'),
        (604, 'San Cayetano', 15, '25653'),
        (605, 'San Francisco', 15, '25658'),
        (606, 'San Juan de Río Seco', 15, '25662'),
        (607, 'Sasaima', 15, '25718'),
        (608, 'Sesquilé', 15, '25736'),
        (609, 'Sibaté', 15, '25740'),
        (610, 'Silvania', 15, '25743'),
        (611, 'Simijaca', 15, '25745'),
        (612, 'Soacha', 15, '25754'),
        (613, 'Sopó', 15, '25758'),
        (614, 'Subachoque', 15, '25769'),
        (615, 'Suesca', 15, '25772'),
        (616, 'Supatá', 15, '25777'),
        (617, 'Susa', 15, '25779'),
        (618, 'Sutatausa', 15, '25781'),
        (619, 'Tabio', 15, '25785'),
        (620, 'Tausa', 15, '25793'),
        (621, 'Tena', 15, '25797'),
        (622, 'Tenjo', 15, '25799'),
        (623, 'Tibacuy', 15, '25805'),
        (624, 'Tibirita', 15, '25807'),
        (625, 'Tocaima', 15, '25815'),
        (626, 'Tocancipá', 15, '25817'),
        (627, 'Topaipí', 15, '25823'),
        (628, 'Ubalá', 15, '25839'),
        (629, 'Ubaque', 15, '25841'),
        (630, 'Villa de San Diego de Ubate', 15, '25843'),
        (631, 'Une', 15, '25845'),
        (632, 'Útica', 15, '25851'),
        (633, 'Vergara', 15, '25862'),
        (634, 'Vianí', 15, '25867'),
        (635, 'Villagómez', 15, '25871'),
        (636, 'Villapinzón', 15, '25873'),
        (637, 'Villeta', 15, '25875'),
        (638, 'Viotá', 15, '25878'),
        (639, 'Yacopí', 15, '25885'),
        (640, 'Zipacón', 15, '25898'),
        (641, 'Zipaquirá', 15, '25899'),
        (642, 'Inírida', 16, '94001'),
        (643, 'Barranco Minas', 16, '94343'),
        (644, 'Mapiripana', 16, '94663'),
        (645, 'San Felipe', 16, '94883'),
        (646, 'Puerto Colombia', 16, '94884'),
        (647, 'La Guadalupe', 16, '94885'),
        (648, 'Cacahual', 16, '94886'),
        (649, 'Pana Pana', 16, '94887'),
        (650, 'Morichal', 16, '94888'),
        (651, 'San José del Guaviare', 17, '95001'),
        (652, 'Calamar', 17, '95015'),
        (653, 'El Retorno', 17, '95025'),
        (654, 'Miraflores', 17, '95200'),
        (655, 'Neiva', 18, '41001'),
        (656, 'Acevedo', 18, '41006'),
        (657, 'Agrado', 18, '41013'),
        (658, 'Aipe', 18, '41016'),
        (659, 'Algeciras', 18, '41020'),
        (660, 'Altamira', 18, '41026'),
        (661, 'Baraya', 18, '41078'),
        (662, 'Campoalegre', 18, '41132'),
        (663, 'Colombia', 18, '41206'),
        (664, 'Elías', 18, '41244'),
        (665, 'Garzón', 18, '41298'),
        (666, 'Gigante', 18, '41306'),
        (667, 'Guadalupe', 18, '41319'),
        (668, 'Hobo', 18, '41349'),
        (669, 'Iquira', 18, '41357'),
        (670, 'Isnos', 18, '41359'),
        (671, 'La Argentina', 18, '41378'),
        (672, 'La Plata', 18, '41396'),
        (673, 'Nátaga', 18, '41483'),
        (674, 'Oporapa', 18, '41503'),
        (675, 'Paicol', 18, '41518'),
        (676, 'Palermo', 18, '41524'),
        (677, 'Palestina', 18, '41530'),
        (678, 'Pital', 18, '41548'),
        (679, 'Pitalito', 18, '41551'),
        (680, 'Rivera', 18, '41615'),
        (681, 'Saladoblanco', 18, '41660'),
        (682, 'San Agustín', 18, '41668'),
        (683, 'Santa María', 18, '41676'),
        (684, 'Suaza', 18, '41770'),
        (685, 'Tarqui', 18, '41791'),
        (686, 'Tesalia', 18, '41797'),
        (687, 'Tello', 18, '41799'),
        (688, 'Teruel', 18, '41801'),
        (689, 'Timaná', 18, '41807'),
        (690, 'Villavieja', 18, '41872'),
        (691, 'Yaguará', 18, '41885'),
        (692, 'Riohacha', 19, '44001'),
        (693, 'Albania', 19, '44035'),
        (694, 'Barrancas', 19, '44078'),
        (695, 'Dibulla', 19, '44090'),
        (696, 'Distracción', 19, '44098'),
        (697, 'El Molino', 19, '44110'),
        (698, 'Fonseca', 19, '44279'),
        (699, 'Hatonuevo', 19, '44378'),
        (700, 'La Jagua del Pilar', 19, '44420'),
        (701, 'Maicao', 19, '44430'),
        (702, 'Manaure', 19, '44560'),
        (703, 'San Juan del Cesar', 19, '44650'),
        (704, 'Uribia', 19, '44847'),
        (705, 'Urumita', 19, '44855'),
        (706, 'Villanueva', 19, '44874'),
        (707, 'Santa Marta', 20, '47001'),
        (708, 'Algarrobo', 20, '47030'),
        (709, 'Aracataca', 20, '47053'),
        (710, 'Ariguaní', 20, '47058'),
        (711, 'Cerro San Antonio', 20, '47161'),
        (712, 'Chibolo', 20, '47170'),
        (713, 'Ciénaga', 20, '47189'),
        (714, 'Concordia', 20, '47205'),
        (715, 'El Banco', 20, '47245'),
        (716, 'El Piñon', 20, '47258'),
        (717, 'El Retén', 20, '47268'),
        (718, 'Fundación', 20, '47288'),
        (719, 'Guamal', 20, '47318'),
        (720, 'Nueva Granada', 20, '47460'),
        (721, 'Pedraza', 20, '47541'),
        (722, 'Pijiño del Carmen', 20, '47545'),
        (723, 'Pivijay', 20, '47551'),
        (724, 'Plato', 20, '47555'),
        (725, 'Puebloviejo', 20, '47570'),
        (726, 'Remolino', 20, '47605'),
        (727, 'Sabanas de San Angel', 20, '47660'),
        (728, 'Salamina', 20, '47675'),
        (729, 'San Sebastián de Buenavista', 20, '47692'),
        (730, 'San Zenón', 20, '47703'),
        (731, 'Santa Ana', 20, '47707'),
        (732, 'Santa Bárbara de Pinto', 20, '47720'),
        (733, 'Sitionuevo', 20, '47745'),
        (734, 'Tenerife', 20, '47798'),
        (735, 'Zapayán', 20, '47960'),
        (736, 'Zona Bananera', 20, '47980'),
        (737, 'Villavicencio', 21, '50001'),
        (738, 'Acacías', 21, '50006'),
        (739, 'Barranca de Upía', 21, '50110'),
        (740, 'Cabuyaro', 21, '50124'),
        (741, 'Castilla la Nueva', 21, '50150'),
        (742, 'Cubarral', 21, '50223'),
        (743, 'Cumaral', 21, '50226'),
        (744, 'El Calvario', 21, '50245'),
        (745, 'El Castillo', 21, '50251'),
        (746, 'El Dorado', 21, '50270'),
        (747, 'Fuente de Oro', 21, '50287'),
        (748, 'Granada', 21, '50313'),
        (749, 'Guamal', 21, '50318'),
        (750, 'Mapiripán', 21, '50325'),
        (751, 'Mesetas', 21, '50330'),
        (752, 'La Macarena', 21, '50350'),
        (753, 'Uribe', 21, '50370'),
        (754, 'Lejanías', 21, '50400'),
        (755, 'Puerto Concordia', 21, '50450'),
        (756, 'Puerto Gaitán', 21, '50568'),
        (757, 'Puerto López', 21, '50573'),
        (758, 'Puerto Lleras', 21, '50577'),
        (759, 'Puerto Rico', 21, '50590'),
        (760, 'Restrepo', 21, '50606'),
        (761, 'San Carlos de Guaroa', 21, '50680'),
        (762, 'San Juan de Arama', 21, '50683'),
        (763, 'San Juanito', 21, '50686'),
        (764, 'San Martín', 21, '50689'),
        (765, 'Vistahermosa', 21, '50711'),
        (766, 'Pasto', 22, '52001'),
        (767, 'Albán', 22, '52019'),
        (768, 'Aldana', 22, '52022'),
        (769, 'Ancuyá', 22, '52036'),
        (770, 'Arboleda', 22, '52051'),
        (771, 'Barbacoas', 22, '52079'),
        (772, 'Belén', 22, '52083'),
        (773, 'Buesaco', 22, '52110'),
        (774, 'Colón', 22, '52203'),
        (775, 'Consaca', 22, '52207'),
        (776, 'Contadero', 22, '52210'),
        (777, 'Córdoba', 22, '52215'),
        (778, 'Cuaspud', 22, '52224'),
        (779, 'Cumbal', 22, '52227'),
        (780, 'Cumbitara', 22, '52233'),
        (781, 'Chachagüí', 22, '52240'),
        (782, 'El Charco', 22, '52250'),
        (783, 'El Peñol', 22, '52254'),
        (784, 'El Rosario', 22, '52256'),
        (785, 'El Tablón de Gómez', 22, '52258'),
        (786, 'El Tambo', 22, '52260'),
        (787, 'Funes', 22, '52287'),
        (788, 'Guachucal', 22, '52317'),
        (789, 'Guaitarilla', 22, '52320'),
        (790, 'Gualmatán', 22, '52323'),
        (791, 'Iles', 22, '52352'),
        (792, 'Imués', 22, '52354'),
        (793, 'Ipiales', 22, '52356'),
        (794, 'La Cruz', 22, '52378'),
        (795, 'La Florida', 22, '52381'),
        (796, 'La Llanada', 22, '52385'),
        (797, 'La Tola', 22, '52390'),
        (798, 'La Unión', 22, '52399'),
        (799, 'Leiva', 22, '52405'),
        (800, 'Linares', 22, '52411'),
        (801, 'Los Andes', 22, '52418'),
        (802, 'Magüi', 22, '52427'),
        (803, 'Mallama', 22, '52435'),
        (804, 'Mosquera', 22, '52473'),
        (805, 'Nariño', 22, '52480'),
        (806, 'Olaya Herrera', 22, '52490'),
        (807, 'Ospina', 22, '52506'),
        (808, 'Francisco Pizarro', 22, '52520'),
        (809, 'Policarpa', 22, '52540'),
        (810, 'Potosí', 22, '52560'),
        (811, 'Providencia', 22, '52565'),
        (812, 'Puerres', 22, '52573'),
        (813, 'Pupiales', 22, '52585'),
        (814, 'Ricaurte', 22, '52612'),
        (815, 'Roberto Payán', 22, '52621'),
        (816, 'Samaniego', 22, '52678'),
        (817, 'Sandoná', 22, '52683'),
        (818, 'San Bernardo', 22, '52685'),
        (819, 'San Lorenzo', 22, '52687'),
        (820, 'San Pablo', 22, '52693'),
        (821, 'San Pedro de Cartago', 22, '52694'),
        (822, 'Santa Bárbara', 22, '52696'),
        (823, 'Santacruz', 22, '52699'),
        (824, 'Sapuyes', 22, '52720'),
        (825, 'Taminango', 22, '52786'),
        (826, 'Tangua', 22, '52788'),
        (827, 'San Andres de Tumaco', 22, '52835'),
        (828, 'Túquerres', 22, '52838'),
        (829, 'Yacuanquer', 22, '52885'),
        (830, 'Cúcuta', 23, '54001'),
        (831, 'Abrego', 23, '54003'),
        (832, 'Arboledas', 23, '54051'),
        (833, 'Bochalema', 23, '54099'),
        (834, 'Bucarasica', 23, '54109'),
        (835, 'Cácota', 23, '54125'),
        (836, 'Cachirá', 23, '54128'),
        (837, 'Chinácota', 23, '54172'),
        (838, 'Chitagá', 23, '54174'),
        (839, 'Convención', 23, '54206'),
        (840, 'Cucutilla', 23, '54223'),
        (841, 'Durania', 23, '54239'),
        (842, 'El Carmen', 23, '54245'),
        (843, 'El Tarra', 23, '54250'),
        (844, 'El Zulia', 23, '54261'),
        (845, 'Gramalote', 23, '54313'),
        (846, 'Hacarí', 23, '54344'),
        (847, 'Herrán', 23, '54347'),
        (848, 'Labateca', 23, '54377'),
        (849, 'La Esperanza', 23, '54385'),
        (850, 'La Playa', 23, '54398'),
        (851, 'Los Patios', 23, '54405'),
        (852, 'Lourdes', 23, '54418'),
        (853, 'Mutiscua', 23, '54480'),
        (854, 'Ocaña', 23, '54498'),
        (855, 'Pamplona', 23, '54518'),
        (856, 'Pamplonita', 23, '54520'),
        (857, 'Puerto Santander', 23, '54553'),
        (858, 'Ragonvalia', 23, '54599'),
        (859, 'Salazar', 23, '54660'),
        (860, 'San Calixto', 23, '54670'),
        (861, 'San Cayetano', 23, '54673'),
        (862, 'Santiago', 23, '54680'),
        (863, 'Sardinata', 23, '54720'),
        (864, 'Silos', 23, '54743'),
        (865, 'Teorama', 23, '54800'),
        (866, 'Tibú', 23, '54810'),
        (867, 'Toledo', 23, '54820'),
        (868, 'Villa Caro', 23, '54871'),
        (869, 'Villa del Rosario', 23, '54874'),
        (870, 'Mocoa', 24, '86001'),
        (871, 'Colón', 24, '86219'),
        (872, 'Orito', 24, '86320'),
        (873, 'Puerto Asís', 24, '86568'),
        (874, 'Puerto Caicedo', 24, '86569'),
        (875, 'Puerto Guzmán', 24, '86571'),
        (876, 'Leguízamo', 24, '86573'),
        (877, 'Sibundoy', 24, '86749'),
        (878, 'San Francisco', 24, '86755'),
        (879, 'San Miguel', 24, '86757'),
        (880, 'Santiago', 24, '86760'),
        (881, 'Valle del Guamuez', 24, '86865'),
        (882, 'Villagarzón', 24, '86885'),
        (883, 'Armenia', 25, '63001'),
        (884, 'Buenavista', 25, '63111'),
        (885, 'Calarca', 25, '63130'),
        (886, 'Circasia', 25, '63190'),
        (887, 'Córdoba', 25, '63212'),
        (888, 'Filandia', 25, '63272'),
        (889, 'Génova', 25, '63302'),
        (890, 'La Tebaida', 25, '63401'),
        (891, 'Montenegro', 25, '63470'),
        (892, 'Pijao', 25, '63548'),
        (893, 'Quimbaya', 25, '63594'),
        (894, 'Salento', 25, '63690'),
        (895, 'Pereira', 26, '66001'),
        (896, 'Apía', 26, '66045'),
        (897, 'Balboa', 26, '66075'),
        (898, 'Belén de Umbría', 26, '66088'),
        (899, 'Dosquebradas', 26, '66170'),
        (900, 'Guática', 26, '66318'),
        (901, 'La Celia', 26, '66383'),
        (902, 'La Virginia', 26, '66400'),
        (903, 'Marsella', 26, '66440'),
        (904, 'Mistrató', 26, '66456'),
        (905, 'Pueblo Rico', 26, '66572'),
        (906, 'Quinchía', 26, '66594'),
        (907, 'Santa Rosa de Cabal', 26, '66682'),
        (908, 'Santuario', 26, '66687'),
        (909, 'San Andrés', 27, '88001'),
        (910, 'Providencia', 27, '88564'),
        (911, 'Bucaramanga', 28, '68001'),
        (912, 'Aguada', 28, '68013'),
        (913, 'Albania', 28, '68020'),
        (914, 'Aratoca', 28, '68051'),
        (915, 'Barbosa', 28, '68077'),
        (916, 'Barichara', 28, '68079'),
        (917, 'Barrancabermeja', 28, '68081'),
        (918, 'Betulia', 28, '68092'),
        (919, 'Bolívar', 28, '68101'),
        (920, 'Cabrera', 28, '68121'),
        (921, 'California', 28, '68132'),
        (922, 'Capitanejo', 28, '68147'),
        (923, 'Carcasí', 28, '68152'),
        (924, 'Cepitá', 28, '68160'),
        (925, 'Cerrito', 28, '68162'),
        (926, 'Charalá', 28, '68167'),
        (927, 'Charta', 28, '68169'),
        (928, 'Chima', 28, '68176'),
        (929, 'Chipatá', 28, '68179'),
        (930, 'Cimitarra', 28, '68190'),
        (931, 'Concepción', 28, '68207'),
        (932, 'Confines', 28, '68209'),
        (933, 'Contratación', 28, '68211'),
        (934, 'Coromoro', 28, '68217'),
        (935, 'Curití', 28, '68229'),
        (936, 'El Carmen de Chucurí', 28, '68235'),
        (937, 'El Guacamayo', 28, '68245'),
        (938, 'El Peñón', 28, '68250'),
        (939, 'El Playón', 28, '68255'),
        (940, 'Encino', 28, '68264'),
        (941, 'Enciso', 28, '68266'),
        (942, 'Florián', 28, '68271'),
        (943, 'Floridablanca', 28, '68276'),
        (944, 'Galán', 28, '68296'),
        (945, 'Gambita', 28, '68298'),
        (946, 'Girón', 28, '68307'),
        (947, 'Guaca', 28, '68318'),
        (948, 'Guadalupe', 28, '68320'),
        (949, 'Guapotá', 28, '68322'),
        (950, 'Guavatá', 28, '68324'),
        (951, 'Güepsa', 28, '68327'),
        (952, 'Hato', 28, '68344'),
        (953, 'Jesús María', 28, '68368'),
        (954, 'Jordán', 28, '68370'),
        (955, 'La Belleza', 28, '68377'),
        (956, 'Landázuri', 28, '68385'),
        (957, 'La Paz', 28, '68397'),
        (958, 'Lebríja', 28, '68406'),
        (959, 'Los Santos', 28, '68418'),
        (960, 'Macaravita', 28, '68425'),
        (961, 'Málaga', 28, '68432'),
        (962, 'Matanza', 28, '68444'),
        (963, 'Mogotes', 28, '68464'),
        (964, 'Molagavita', 28, '68468'),
        (965, 'Ocamonte', 28, '68498'),
        (966, 'Oiba', 28, '68500'),
        (967, 'Onzaga', 28, '68502'),
        (968, 'Palmar', 28, '68522'),
        (969, 'Palmas del Socorro', 28, '68524'),
        (970, 'Páramo', 28, '68533'),
        (971, 'Piedecuesta', 28, '68547'),
        (972, 'Pinchote', 28, '68549'),
        (973, 'Puente Nacional', 28, '68572'),
        (974, 'Puerto Parra', 28, '68573'),
        (975, 'Puerto Wilches', 28, '68575'),
        (976, 'Rionegro', 28, '68615'),
        (977, 'Sabana de Torres', 28, '68655'),
        (978, 'San Andrés', 28, '68669'),
        (979, 'San Benito', 28, '68673'),
        (980, 'San Gil', 28, '68679'),
        (981, 'San Joaquín', 28, '68682'),
        (982, 'San José de Miranda', 28, '68684'),
        (983, 'San Miguel', 28, '68686'),
        (984, 'San Vicente de Chucurí', 28, '68689'),
        (985, 'Santa Bárbara', 28, '68705'),
        (986, 'Santa Helena del Opón', 28, '68720'),
        (987, 'Simacota', 28, '68745'),
        (988, 'Socorro', 28, '68755'),
        (989, 'Suaita', 28, '68770'),
        (990, 'Sucre', 28, '68773'),
        (991, 'Suratá', 28, '68780'),
        (992, 'Tona', 28, '68820'),
        (993, 'Valle de San José', 28, '68855'),
        (994, 'Vélez', 28, '68861'),
        (995, 'Vetas', 28, '68867'),
        (996, 'Villanueva', 28, '68872'),
        (997, 'Zapatoca', 28, '68895'),
        (998, 'Sincelejo', 29, '70001'),
        (999, 'Buenavista', 29, '70110'),
        (1000, 'Caimito', 29, '70124'),
        (1001, 'Coloso', 29, '70204'),
        (1002, 'Corozal', 29, '70215'),
        (1003, 'Coveñas', 29, '70221'),
        (1004, 'Chalán', 29, '70230'),
        (1005, 'El Roble', 29, '70233'),
        (1006, 'Galeras', 29, '70235'),
        (1007, 'Guaranda', 29, '70265'),
        (1008, 'La Unión', 29, '70400'),
        (1009, 'Los Palmitos', 29, '70418'),
        (1010, 'Majagual', 29, '70429'),
        (1011, 'Morroa', 29, '70473'),
        (1012, 'Ovejas', 29, '70508'),
        (1013, 'Palmito', 29, '70523'),
        (1014, 'Sampués', 29, '70670'),
        (1015, 'San Benito Abad', 29, '70678'),
        (1016, 'San Juan de Betulia', 29, '70702'),
        (1017, 'San Marcos', 29, '70708'),
        (1018, 'San Onofre', 29, '70713'),
        (1019, 'San Pedro', 29, '70717'),
        (1020, 'San Luis de Sincé', 29, '70742'),
        (1021, 'Sucre', 29, '70771'),
        (1022, 'Santiago de Tolú', 29, '70820'),
        (1023, 'Tolú Viejo', 29, '70823'),
        (1024, 'Ibagué', 30, '73001'),
        (1025, 'Alpujarra', 30, '73024'),
        (1026, 'Alvarado', 30, '73026'),
        (1027, 'Ambalema', 30, '73030'),
        (1028, 'Anzoátegui', 30, '73043'),
        (1029, 'Armero', 30, '73055'),
        (1030, 'Ataco', 30, '73067'),
        (1031, 'Cajamarca', 30, '73124'),
        (1032, 'Carmen de Apicalá', 30, '73148'),
        (1033, 'Casabianca', 30, '73152'),
        (1034, 'Chaparral', 30, '73168'),
        (1035, 'Coello', 30, '73200'),
        (1036, 'Coyaima', 30, '73217'),
        (1037, 'Cunday', 30, '73226'),
        (1038, 'Dolores', 30, '73236'),
        (1039, 'Espinal', 30, '73268'),
        (1040, 'Falan', 30, '73270'),
        (1041, 'Flandes', 30, '73275'),
        (1042, 'Fresno', 30, '73283'),
        (1043, 'Guamo', 30, '73319'),
        (1044, 'Herveo', 30, '73347'),
        (1045, 'Honda', 30, '73349'),
        (1046, 'Icononzo', 30, '73352'),
        (1047, 'Lérida', 30, '73408'),
        (1048, 'Líbano', 30, '73411'),
        (1049, 'Mariquita', 30, '73443'),
        (1050, 'Melgar', 30, '73449'),
        (1051, 'Murillo', 30, '73461'),
        (1052, 'Natagaima', 30, '73483'),
        (1053, 'Ortega', 30, '73504'),
        (1054, 'Palocabildo', 30, '73520'),
        (1055, 'Piedras', 30, '73547'),
        (1056, 'Planadas', 30, '73555'),
        (1057, 'Prado', 30, '73563'),
        (1058, 'Purificación', 30, '73585'),
        (1059, 'Rioblanco', 30, '73616'),
        (1060, 'Roncesvalles', 30, '73622'),
        (1061, 'Rovira', 30, '73624'),
        (1062, 'Saldaña', 30, '73671'),
        (1063, 'San Antonio', 30, '73675'),
        (1064, 'San Luis', 30, '73678'),
        (1065, 'Santa Isabel', 30, '73686'),
        (1066, 'Suárez', 30, '73770'),
        (1067, 'Valle de San Juan', 30, '73854'),
        (1068, 'Venadillo', 30, '73861'),
        (1069, 'Villahermosa', 30, '73870'),
        (1070, 'Villarrica', 30, '73873'),
        (1071, 'Cali', 31, '76001'),
        (1072, 'Alcalá', 31, '76020'),
        (1073, 'Andalucía', 31, '76036'),
        (1074, 'Ansermanuevo', 31, '76041'),
        (1075, 'Argelia', 31, '76054'),
        (1076, 'Bolívar', 31, '76100'),
        (1077, 'Buenaventura', 31, '76109'),
        (1078, 'Guadalajara de Buga', 31, '76111'),
        (1079, 'Bugalagrande', 31, '76113'),
        (1080, 'Caicedonia', 31, '76122'),
        (1081, 'Calima', 31, '76126'),
        (1082, 'Candelaria', 31, '76130'),
        (1083, 'Cartago', 31, '76147'),
        (1084, 'Dagua', 31, '76233'),
        (1085, 'El Águila', 31, '76243'),
        (1086, 'El Cairo', 31, '76246'),
        (1087, 'El Cerrito', 31, '76248'),
        (1088, 'El Dovio', 31, '76250'),
        (1089, 'Florida', 31, '76275'),
        (1090, 'Ginebra', 31, '76306'),
        (1091, 'Guacarí', 31, '76318'),
        (1092, 'Jamundí', 31, '76364'),
        (1093, 'La Cumbre', 31, '76377'),
        (1094, 'La Unión', 31, '76400'),
        (1095, 'La Victoria', 31, '76403'),
        (1096, 'Obando', 31, '76497'),
        (1097, 'Palmira', 31, '76520'),
        (1098, 'Pradera', 31, '76563'),
        (1099, 'Restrepo', 31, '76606'),
        (1100, 'Riofrío', 31, '76616'),
        (1101, 'Roldanillo', 31, '76622'),
        (1102, 'San Pedro', 31, '76670'),
        (1103, 'Sevilla', 31, '76736'),
        (1104, 'Toro', 31, '76823'),
        (1105, 'Trujillo', 31, '76828'),
        (1106, 'Tuluá', 31, '76834'),
        (1107, 'Ulloa', 31, '76845'),
        (1108, 'Versalles', 31, '76863'),
        (1109, 'Vijes', 31, '76869'),
        (1110, 'Yotoco', 31, '76890'),
        (1111, 'Yumbo', 31, '76892'),
        (1112, 'Zarzal', 31, '76895'),
        (1113, 'Mitú', 32, '97001'),
        (1114, 'Caruru', 32, '97161'),
        (1115, 'Pacoa', 32, '97511'),
        (1116, 'Taraira', 32, '97666'),
        (1117, 'Papunaua', 32, '97777'),
        (1118, 'Yavaraté', 32, '97889'),
        (1119, 'Puerto Carreño', 33, '99001'),
        (1120, 'La Primavera', 33, '99524'),
        (1121, 'Santa Rosalía', 33, '99624'),
        (1122, 'Cumaribo', 33, '99773');

insert into MAV_DATABASE.GENDERS (ID, NAME)
values  (1, 'MASCULINO'),
        (2, 'FEMENINO');


insert into MAV_DATABASE.DOCUMENT_TYPES (ID, NAME, ACRONYM)
values  (1, 'CÉDULA DE CIUDADANÍA', 'CC'),
        (2, 'TARJETA DE IDENTIDAD', 'TI'),
        (3, 'REGISTRO CIVIL', 'RC'),
        (4, 'CÉDULA DE EXTRANJERÍA', 'CE');

insert into MAV_DATABASE.USER (ID, USERNAME, PASSWORD)
values  (1, 'pacho', '$2a$10$JF.Eia.wgZ9ethZJUYUwW.YjlH27KlQDBpKPAwkz5iJLtwKbxwuRm'),
        (2, 'mariopacho', '$2a$10$KAEVq52As9QXIz/YFsF7WObSdJRNXNEPcnd2.MSbYnF8w0yxGt80O'),
        (3, 'erikapacha', '$2a$10$kmsZ6Jw/HEdzTcDMsbkt7emu1nKyR4/4mhW851VYnlHcF.emaEP/6'),
        (4, 'prueba', '$2a$10$bk6FGOQ56oSy0Zsn7ygkNO8LmNmqFEoams8vOkNP9otulyQ58mZju'),
        (5, 'juan1234', '$2a$10$7rsJX9trIOkbMC.o8vq0..w/sHCyCils86KTfz2U1LcS30ONL2Ini'),
        (6, 'jathinson', '$2a$10$zZURkqrBRxBt8ibX0gGVV.285P/5awR8nM5.cghFp8uduAvr1t4tC'),
        (7, 'sebaspacho', '$2a$10$s6XOEVLBCv7TyXGSR2rvBeT89z6TMJphP8JxShwN0wJ6OIrWcPAq6');

insert into MAV_DATABASE.ROL (ID, NAME, DESCRIPTION)
values  (1, 'pruebas', 'Rol creado para pruebas'),
        (2, 'Administrador', 'Usuario con privilegios'),
        (3, 'Líder', 'Rol para usuarios registrados en la tabla ministerios'),
        (4, 'Miembro', 'Rol común para edición de datos personales');

insert into MAV_DATABASE.USER_ROL (ID, ID_ROL, ID_USER)
values  (1, 1, 1),
        (2, 4, 1),
        (3, 3, 1),
        (4, 4, 2),
        (5, 4, 3),
        (6, 4, 4),
        (7, 4, 5),
        (8, 4, 6),
        (9, 4, 7);
        
insert into MAV_DATABASE.PERSONS (ID, FIRST_NAME, LAST_NAME, DOCUMENT_NUMBER, ADDRESS, NEIGHBORHOOD, PHONE_NUMBER, EMAIL, BIRTHDATE, ID_DOCUMENT_TYPE, ID_MINISTRY, ID_CITY, HAS_ENCOUNTER, IS_LEADER, WAS_BAPTIZED, ID_GENDER, USER_ID)
values  (1, 'ARLEY DAVID', 'VELASCO BASTO', '1005108156', 'CRA. 49 #31-37', 'ALBANIA', '3165823167', 'advb_16@hotmail.com', '2001-02-16', 1, null, 911, 1, 1, 1, 1, 1),
        (2, 'JOSE LUIS', 'JIMENEZ ALARCÓN', null, 'CL. 15 #25-46', 'SAN ALONSO', '3016371276', null, null, 1, null, 911, 1, 1, 1, 1, null),
        (3, 'KELLY LOREINY', 'VEGA ESCOBAR', null, 'CL. 15 #25-46', 'SAN ALONSO', '3006741818', null, null, 1, null, 911, 1, 1, 1, 2, null);
        
insert into MAV_DATABASE.MINISTRIES (ID, ID_FIRST_LEADER, ID_SECOND_LEADER, ID_HIGHER_MINISTRY, ID_USER, ID_MINISTRY_TYPE, LEVEL)
values  (1, 2, 3, null, null, null, null),
        (2, 1, null, 1, null, null, null);

insert into MAV_DATABASE.PERSONS (ID, FIRST_NAME, LAST_NAME, DOCUMENT_NUMBER, ADDRESS, NEIGHBORHOOD, PHONE_NUMBER, EMAIL, BIRTHDATE, ID_DOCUMENT_TYPE, ID_MINISTRY, ID_CITY, HAS_ENCOUNTER, IS_LEADER, WAS_BAPTIZED, ID_GENDER, USER_ID)
values  
        (4, 'ERIKA JOHANA', 'VELASCO BASTO', '1098762547', 'CRA. 49 #31-37', 'ALBANIA', '3165823165', 'erikita4318@hotmail.com', '1994-11-18', 1, null, 911, 1, 1, 1, 1, null),
        (5, 'PRUEBA UNO', 'VELASCO BASTO', '1098762546', 'CRA. 49 #31-37', 'ALBANIA', '3165823165', 'erikita4318@hotmail.com.co', '1994-11-18', 1, 2, 911, 1, 1, 1, 1, null),
        (6, 'PRUEBA DOS', 'VELASCO BASTO', '1098762541', 'CRA. 49 #31-37', 'ALBANIA', '3165823165', 'erikita4318@hotmail.com', '1994-11-18', 1, 2, 911, 1, 1, 1, 1, null),
        (7, 'PRUEBA TRES', 'VELASCO BASTO', '1098762540', 'CRA. 49 #31-37', 'ALBANIA', '3165823165', 'erikita4318@hotmail.com', '1994-11-18', 1, 2, 911, 1, 1, 1, 1, null),
        (8, 'PRUEBA CUATRO', 'VELASCO BASTO', '1098762550', 'CRA. 49 #31-37', 'ALBANIA', '3165823165', 'erikita4318@hotmail.com', '1994-11-18', 1, 2, 911, 1, 1, 1, 1, null),
        (9, 'MARIO ANDRÉS', 'ANAYA MERCHÁN', '2145235244', 'NO TIENE', 'PROVENZA', '4226537', 'MARIOTONTOLON@GMAIL.COM', '2021-10-12', 1, 2, 400, 0, 0, 0, 1, 2),
        (10, 'ERIKA YAMILE', 'LACHE rios', '123456677', 'NO TIENE', 'LA SELVA', '123242626', 'ERIKAJA@GMAIL.COM', '2021-09-24', 1, 2, 970, 0, 0, 0, 2, 3),
        (11, 'PRUEBA1', 'PRUEBA', '12345678', 'CRA. 49 #31-38', 'PRUEBA', '123456432', 'PRUEBA@GMAIL.COM', '1998-07-17', 1, 2, 911, 0, 0, 0, 1, 4),
        (12, 'JUAN', 'PEREZ', '123456', 'CRA.1 32', 'PRUEBA', '1234567', 'juan@gmail.com', '1997-07-18', 1, 2, 169, 0, 0, 0, 1, 5),
        (13, 'Jathinson', 'Meneses 2', '1234567890', 'prueba', 'prueba', '1234567', 'jathinson@gmail.com', '2021-10-21', 1, 2, 911, 0, 0, 0, 1, 6),
        (14, 'sebastian', 'trujillo', '0123456789', 'asdfasdfasdf', 'asdfasdfasdfasd', '123432412423143', 'sebastian1234@gmail.com', '1998-03-13', 1, 2, 911, 0, 0, 0, 1, 7);
       


